Shape_Leng,Shape_Area,ADM2_EN,ADM2_PCODE,ADM2_REF,ADM2ALT1EN,ADM2ALT2EN,ADM1_EN,ADM1_PCODE,ADM0_EN,ADM0_PCODE,date,validOn,validTo,SD_EN,SD_PCODE
0.23707440507,0.00152392099,Aba North,NG001001,Aba North,,,Abia,NG001,Nigeria,NG,2016-11-29,2019-04-17,,Abia South,NG00103
0.26247720417,0.00353110373,Aba South,NG001002,Aba South,,,Abia,NG001,Nigeria,NG,2016-11-29,2019-04-17,,Abia South,NG00103
3.07531581882,0.32686783990,Abadam,NG008001,Abadam,,,Borno,NG008,Nigeria,NG,2016-11-29,2019-04-17,,Borno North,NG00802
2.53798418340,0.06837850636,Abaji,NG015001,Abaji,,,Federal Capital Territory,NG015,Nigeria,NG,2016-11-29,2019-04-17,,Federal Capital Territory,NG01501
0.68714976760,0.01452869066,Abak,NG003001,Abak,,,Akwa Ibom,NG003,Nigeria,NG,2016-11-29,2019-04-17,,Akwa Ibom North West,NG00302
1.06241508728,0.03786457331,Abakaliki,NG011001,Abakaliki,,,Ebonyi,NG011,Nigeria,NG,2016-11-29,2019-04-17,,Ebonyi North,NG01103
1.18719532659,0.06291595992,Abeokuta North,NG028001,Abeokuta North,,,Ogun,NG028,Nigeria,NG,2016-11-29,2019-04-17,,Ogun Central,NG02801
0.31597126885,0.00460905061,Abeokuta South,NG028002,Abeokuta South,,,Ogun,NG028,Nigeria,NG,2016-11-29,2019-04-17,,Ogun Central,NG02801
0.87758624985,0.02187949154,Abi,NG009001,Abi,,,Cross River,NG009,Nigeria,NG,2016-11-29,2019-04-17,,Cross River Central,NG00901
0.71204258586,0.01437769321,Aboh-Mbaise,NG017001,Aboh-Mbaise,,,Imo,NG017,Nigeria,NG,2016-11-29,2019-04-17,,Imo East,NG01701
1.25706495260,0.05837753302,Abua/Odual,NG033001,Abua/Odual,,,Rivers,NG033,Nigeria,NG,2016-11-29,2019-04-17,,Rivers West,NG03303
1.82264134460,0.14163376967,Abuja Municipal,NG015002,Abuja Municipal,,,Federal Capital Territory,NG015,Nigeria,NG,2016-11-29,2019-04-17,,Federal Capital Territory,NG01501
1.55095410573,0.05846452227,Adavi,NG023001,Adavi,,,Kogi,NG023,Nigeria,NG,2016-11-29,2019-04-17,,Kogi Central,NG02301
1.81920651514,0.09710206747,Ado,NG007001,Ado,,,Benue,NG007,Nigeria,NG,2016-11-29,2019-04-17,,Benue South,NG00703
1.21098406485,0.06984041295,Ado-Odo/Ota,NG028003,Ado-Odo/Ota,,,Ogun,NG028,Nigeria,NG,2016-11-29,2019-04-17,,Ogun West,NG02803
0.82141952196,0.02959045700,Ado Ekiti,NG013001,Ado Ekiti,,,Ekiti,NG013,Nigeria,NG,2016-11-29,2019-04-17,,Ekiti Central,NG01302
1.00276222525,0.02714387437,Afijio,NG031001,Afijio,,,Oyo,NG031,Nigeria,NG,2016-11-29,2019-04-17,,Oyo Central,NG03101
0.69898614925,0.01952743541,Afikpo North,NG011002,Afikpo North,,,Ebonyi,NG011,Nigeria,NG,2016-11-29,2019-04-17,,Ebonyi South,NG01101
0.87441435889,0.03078720612,Afikpo South,NG011003,Afikpo South,,,Ebonyi,NG011,Nigeria,NG,2016-11-29,2019-04-17,,Ebonyi South,NG01101
1.87856335839,0.15784835085,Agaie,NG027001,Agaie,,,Niger,NG027,Nigeria,NG,2016-11-29,2019-04-17,,Niger South,NG02703
1.46345836537,0.08590253760,Agatu,NG007002,Agatu,,,Benue,NG007,Nigeria,NG,2016-11-29,2019-04-17,,Benue South,NG00703
0.13692929586,0.00093855668,Agege,NG025001,Agege,,,Lagos,NG025,Nigeria,NG,2016-11-29,2019-04-17,,Lagos West,NG02501
0.67525165703,0.01417023271,Aguata,NG004001,Aguata,,,Anambra,NG004,Nigeria,NG,2016-11-29,2019-04-17,,Anambra South,NG00403
1.54546290341,0.12163417381,Agwara,NG027002,Agwara,,,Niger,NG027,Nigeria,NG,2016-11-29,2019-04-17,,Niger North,NG02702
0.44460045439,0.00929583526,Ahiazu-Mbaise,NG017002,Ahiazu-Mbaise,,,Imo,NG017,Nigeria,NG,2016-11-29,2019-04-17,,Imo East,NG01701
0.93119038070,0.02594533734,Ahoada East,NG033002,Ahoada East,,,Rivers,NG033,Nigeria,NG,2016-11-29,2019-04-17,,Rivers West,NG03303
0.96110986066,0.03591567318,Ahoada West,NG033003,Ahoada West,,,Rivers,NG033,Nigeria,NG,2016-11-29,2019-04-17,,Rivers West,NG03303
1.79514048995,0.06243607969,Aiyedade,NG030001,Aiyedade,,,Osun,NG030,Nigeria,NG,2016-11-29,2019-04-17,,Osun West,NG03003
0.71015031969,0.02481847810,Aiyedire,NG030002,Aiyedire,,,Osun,NG030,Nigeria,NG,2016-11-29,2019-04-17,,Osun West,NG03003
0.94349827635,0.03560470712,Aiyekire (Gbonyin),NG013002,Aiyekire (Gbonyin),,,Ekiti,NG013,Nigeria,NG,2016-11-29,2019-04-17,,Ekiti South,NG01301
1.55448210536,0.11313316451,Ajaokuta,NG023002,Ajaokuta,,,Kogi,NG023,Nigeria,NG,2016-11-29,2019-04-17,,Kogi Central,NG02301
0.13600496462,0.00104276508,Ajeromi-Ifelodun,NG025002,Ajeromi-Ifelodun,,,Lagos,NG025,Nigeria,NG,2016-11-29,2019-04-17,,Lagos West,NG02501
1.27246914974,0.05929233574,Ajingi,NG020001,Ajingi,,,Kano,NG020,Nigeria,NG,2016-11-29,2019-04-17,,Kano South,NG02001
2.71753139656,0.41029905342,Akamkpa,NG009002,Akamkpa,,,Cross River,NG009,Nigeria,NG,2016-11-29,2019-04-17,,Cross River South,NG00903
1.05054929213,0.04889133978,Akinyele,NG031002,Akinyele,,,Oyo,NG031,Nigeria,NG,2016-11-29,2019-04-17,,Oyo Central,NG03101
2.66349797376,0.20230831716,Akko,NG016001,Akko,,,Gombe,NG016,Nigeria,NG,2016-11-29,2019-04-17,,Gombe Central,NG01601
2.05664763094,0.10987279295,Akoko-Edo,NG012001,Akoko-Edo,,,Edo,NG012,Nigeria,NG,2016-11-29,2019-04-17,,Edo North,NG01203
1.00868131123,0.02818131189,Akoko North East,NG029001,Akoko North East,,,Ondo,NG029,Nigeria,NG,2016-11-29,2019-04-17,,Ondo North,NG02902
1.02763413089,0.04664400207,Akoko North West,NG029002,Akoko North West,,,Ondo,NG029,Nigeria,NG,2016-11-29,2019-04-17,,Ondo North,NG02902
0.58376968472,0.01818724749,Akoko South East,NG029003,Akoko South East,,,Ondo,NG029,Nigeria,NG,2016-11-29,2019-04-17,,Ondo North,NG02902
0.87552379362,0.04011797112,Akoko South West,NG029004,Akoko South West,,,Ondo,NG029,Nigeria,NG,2016-11-29,2019-04-17,,Ondo North,NG02902
2.07624031171,0.06469014782,Akpabuyo,NG009003,Akpabuyo,,,Cross River,NG009,Nigeria,NG,2016-11-29,2019-04-17,,Cross River South,NG00903
1.42004523421,0.10160845985,Akuku Toru,NG033004,Akuku Toru,,,Rivers,NG033,Nigeria,NG,2016-11-29,2019-04-17,,Rivers West,NG03303
1.15418611374,0.05533542598,Akure North,NG029005,Akure North,,,Ondo,NG029,Nigeria,NG,2016-11-29,2019-04-17,,Ondo Central,NG02901
0.80938423768,0.02522191764,Akure South,NG029006,Akure South,,,Ondo,NG029,Nigeria,NG,2016-11-29,2019-04-17,,Ondo Central,NG02901
1.22897340480,0.07695175901,Akwanga,NG026001,Akwanga,,,Nasarawa,NG026,Nigeria,NG,2016-11-29,2019-04-17,,Nassarawa North,NG02602
1.42917010850,0.03681787323,Albasu,NG020002,Albasu,,,Kano,NG020,Nigeria,NG,2016-11-29,2019-04-17,,Kano South,NG02001
0.67118966084,0.02783473923,Aleiro,NG022001,Aleiro,,,Kebbi,NG022,Nigeria,NG,2016-11-29,2019-04-17,,Kebbi Central,NG02201
0.58976681593,0.01500863654,Alimosho,NG025003,Alimosho,,,Lagos,NG025,Nigeria,NG,2016-11-29,2019-04-17,,Lagos West,NG02501
3.42110920450,0.49584497320,Alkaleri,NG005001,Alkaleri,,,Bauchi,NG005,Nigeria,NG,2016-11-29,2019-04-17,,Bauchi South,NG00503
0.69019523684,0.01134223381,Amuwo-Odofin,NG025004,Amuwo-Odofin,,,Lagos,NG025,Nigeria,NG,2016-11-29,2019-04-17,,Lagos West,NG02501
0.75954692730,0.02115228582,Anambra East,NG004002,Anambra East,,,Anambra,NG004,Nigeria,NG,2016-11-29,2019-04-17,,Anambra North,NG00402
1.53023553221,0.07796292842,Anambra West,NG004003,Anambra West,,,Anambra,NG004,Nigeria,NG,2016-11-29,2019-04-17,,Anambra North,NG00402
0.43748927158,0.00823078828,Anaocha,NG004004,Anaocha,,,Anambra,NG004,Nigeria,NG,2016-11-29,2019-04-17,,Anambra Central,NG00401
0.72715957642,0.02046848707,Andoni,NG033005,Andoni,,,Rivers,NG033,Nigeria,NG,2016-11-29,2019-04-17,,Rivers South East,NG03302
0.80830616018,0.03018668541,Aninri,NG014001,Aninri,,,Enugu,NG014,Nigeria,NG,2016-11-29,2019-04-17,,Enugu West,NG01403
0.83723253136,0.03305750157,Aniocha North,NG010001,Aniocha North,,,Delta,NG010,Nigeria,NG,2016-11-29,2019-04-17,,Delta North,NG01002
1.21523265910,0.07111506016,Aniocha South,NG010002,Aniocha South,,,Delta,NG010,Nigeria,NG,2016-11-29,2019-04-17,,Delta North,NG01002
2.29037135522,0.21151823002,Anka,NG037001,Anka,,,Zamfara,NG037,Nigeria,NG,2016-11-29,2019-04-17,,Zamfara West,NG03703
1.53400845959,0.10497134903,Ankpa,NG023003,Ankpa,,,Kogi,NG023,Nigeria,NG,2016-11-29,2019-04-17,,Kogi East,NG02302
1.12953956372,0.07599164598,Apa,NG007003,Apa,,,Benue,NG007,Nigeria,NG,2016-11-29,2019-04-17,,Benue South,NG00703
0.28154692141,0.00164032435,Apapa,NG025005,Apapa,,,Lagos,NG025,Nigeria,NG,2016-11-29,2019-04-17,,Lagos Central,NG02502
1.81734719844,0.18559762174,Ardo-Kola,NG035001,Ardo-Kola,,,Taraba,NG035,Nigeria,NG,2016-11-29,2019-04-17,,Taraba North,NG03502
3.35652913375,0.33478425308,Arewa-Dandi,NG022002,Arewa-Dandi,,,Kebbi,NG022,Nigeria,NG,2016-11-29,2019-04-17,,Kebbi North,NG02202
1.45704730017,0.09130219628,Argungu,NG022003,Argungu,,,Kebbi,NG022,Nigeria,NG,2016-11-29,2019-04-17,,Kebbi North,NG02202
1.26342381820,0.04254666448,Arochukwu,NG001003,Arochukwu,,,Abia,NG001,Nigeria,NG,2016-11-29,2019-04-17,,Abia North,NG00102
1.89462940192,0.10968189242,Asa,NG024001,Asa,,,Kwara,NG024,Nigeria,NG,2016-11-29,2019-04-17,,Kwara Central,NG02401
0.53492316927,0.00937565380,Asari-Toru,NG033006,Asari-Toru,,,Rivers,NG033,Nigeria,NG,2016-11-29,2019-04-17,,Rivers West,NG03303
2.71360474365,0.20652800883,Askira/Uba,NG008002,Askira/Uba,,,Borno,NG008,Nigeria,NG,2016-11-29,2019-04-17,,Borno South,NG00803
0.91995641771,0.03800289352,Atakumosa East,NG030003,Atakumosa East,,,Osun,NG030,Nigeria,NG,2016-11-29,2019-04-17,,Osun East,NG03002
0.85027820966,0.03044580370,Atakumosa West,NG030004,Atakumosa West,,,Osun,NG030,Nigeria,NG,2016-11-29,2019-04-17,,Osun East,NG03002
2.04464287360,0.14855791970,Atiba,NG031003,Atiba,,,Oyo,NG031,Nigeria,NG,2016-11-29,2019-04-17,,Oyo Central,NG03101
2.97931855719,0.23683166563,Atigbo,NG031004,Atigbo,,,Oyo,NG031,Nigeria,NG,2016-11-29,2019-04-17,,Oyo North,NG03102
1.58031438722,0.09494432653,Augie,NG022004,Augie,,,Kebbi,NG022,Nigeria,NG,2016-11-29,2019-04-17,,Kebbi North,NG02202
1.34719504978,0.03524578825,Auyo,NG018001,Auyo,,,Jigawa,NG018,Nigeria,NG,2016-11-29,2019-04-17,,Jigawa North-East,NG01801
2.57278436847,0.21675047243,Awe,NG026002,Awe,,,Nasarawa,NG026,Nigeria,NG,2016-11-29,2019-04-17,,Nassarawa South,NG02601
0.86135641415,0.03607713051,Awgu,NG014002,Awgu,,,Enugu,NG014,Nigeria,NG,2016-11-29,2019-04-17,,Enugu West,NG01403
0.68946820330,0.02822894025,Awka North,NG004005,Awka North,,,Anambra,NG004,Nigeria,NG,2016-11-29,2019-04-17,,Anambra Central,NG00401
0.46389559098,0.01417003213,Awka South,NG004006,Awka South,,,Anambra,NG004,Nigeria,NG,2016-11-29,2019-04-17,,Anambra Central,NG00401
1.12392749235,0.04826600969,Ayamelum,NG004007,Ayamelum,,,Anambra,NG004,Nigeria,NG,2016-11-29,2019-04-17,,Anambra North,NG00402
1.47561068794,0.08335967732,Babura,NG018002,Babura,,,Jigawa,NG018,Nigeria,NG,2016-11-29,2019-04-17,,Jigawa North-West,NG01802
1.08889756807,0.03698537448,Badagry,NG025006,Badagry,,,Lagos,NG025,Nigeria,NG,2016-11-29,2019-04-17,,Lagos West,NG02501
1.90165399913,0.06938475418,Bade,NG036001,Bade,,,Yobe,NG036,Nigeria,NG,2016-11-29,2019-04-17,,Yobe North,NG03602
3.51704365765,0.42104861174,Bagudo,NG022005,Bagudo,,,Kebbi,NG022,Nigeria,NG,2016-11-29,2019-04-17,,Kebbi North,NG02202
0.83466152686,0.03510146926,Bagwai,NG020003,Bagwai,,,Kano,NG020,Nigeria,NG,2016-11-29,2019-04-17,,Kano North,NG02003
0.10556803538,0.00034218681,Bakassi,NG009005,Bakassi,,,Cross River,NG009,Nigeria,NG,2016-11-29,2019-04-17,,Cross River South,NG00903
1.34455309718,0.06249221555,Bakori,NG021001,Bakori,,,Katsina,NG021,Nigeria,NG,2016-11-29,2019-04-17,,Katsina South,NG02103
1.61675791166,0.12492847959,Bakura,NG037002,Bakura,,,Zamfara,NG037,Nigeria,NG,2016-11-29,2019-04-17,,Zamfara West,NG03703
1.79754460039,0.13220986977,Balanga,NG016002,Balanga,,,Gombe,NG016,Nigeria,NG,2016-11-29,2019-04-17,,Gombe South,NG01603
4.26350302308,0.74937335849,Bali,NG035002,Bali,,,Taraba,NG035,Nigeria,NG,2016-11-29,2019-04-17,,Taraba Central,NG03501
3.14954576002,0.41583351107,Bama,NG008003,Bama,,,Borno,NG008,Nigeria,NG,2016-11-29,2019-04-17,,Borno Central,NG00801
1.53289352404,0.08208663623,Barikin Ladi,NG032001,Barikin Ladi,,,Plateau,NG032,Nigeria,NG,2016-11-29,2019-04-17,,Plateau North,NG03202
4.92264227028,0.79642059086,Baruten,NG024002,Baruten,,,Kwara,NG024,Nigeria,NG,2016-11-29,2019-04-17,,Kwara North,NG02402
2.18621869063,0.15863045849,Bassa,NG023004,Bassa,,,Kogi,NG023,Nigeria,NG,2016-11-29,2019-04-17,,Kogi East,NG02302
1.92543851534,0.13589345664,Bassa,NG032002,Bassa,,,Plateau,NG032,Nigeria,NG,2016-11-29,2019-04-17,,Plateau North,NG03202
1.21879091071,0.04363395854,Batagarawa,NG021002,Batagarawa,,,Katsina,NG021,Nigeria,NG,2016-11-29,2019-04-17,,Katsina Central,NG02101
1.49861614223,0.09812460851,Batsari,NG021003,Batsari,,,Katsina,NG021,Nigeria,NG,2016-11-29,2019-04-17,,Katsina Central,NG02101
2.54455347074,0.30152298910,Bauchi,NG005002,Bauchi,,,Bauchi,NG005,Nigeria,NG,2016-11-29,2019-04-17,,Bauchi South,NG00503
1.37640461246,0.06573393320,Baure,NG021004,Baure,,,Katsina,NG021,Nigeria,NG,2016-11-29,2019-04-17,,Katsina North,NG02102
1.43585718321,0.07817558152,Bayo,NG008004,Bayo,,,Borno,NG008,Nigeria,NG,2016-11-29,2019-04-17,,Borno South,NG00803
1.05550082274,0.06004656925,Bebeji,NG020004,Bebeji,,,Kano,NG020,Nigeria,NG,2016-11-29,2019-04-17,,Kano South,NG02001
0.68950125863,0.02574555265,Bekwara,NG009006,Bekwara,,,Cross River,NG009,Nigeria,NG,2016-11-29,2019-04-17,,Cross River North,NG00902
1.36037955937,0.05051260375,Bende,NG001004,Bende,,,Abia,NG001,Nigeria,NG,2016-11-29,2019-04-17,,Abia North,NG00102
1.51367887904,0.10549860047,Biase,NG009007,Biase,,,Cross River,NG009,Nigeria,NG,2016-11-29,2019-04-17,,Cross River North,NG00902
1.26096187975,0.05714977266,Bichi,NG020005,Bichi,,,Kano,NG020,Nigeria,NG,2016-11-29,2019-04-17,,Kano North,NG02003
0.25109547296,0.00428563492,Bida,NG027003,Bida,,,Niger,NG027,Nigeria,NG,2016-11-29,2019-04-17,,Niger South,NG02703
1.08783807287,0.06276852131,Billiri,NG016003,Billiri,,,Gombe,NG016,Nigeria,NG,2016-11-29,2019-04-17,,Gombe South,NG01603
1.15971314703,0.04139703516,Bindawa,NG021005,Bindawa,,,Katsina,NG021,Nigeria,NG,2016-11-29,2019-04-17,,Katsina North,NG02102
1.48940580547,0.06905706044,Binji,NG034001,Binji,,,Sokoto,NG034,Nigeria,NG,2016-11-29,2019-04-17,,Sokoto North,NG03402
1.75360491687,0.13262025316,Biriniwa,NG018003,Biriniwa,,,Jigawa,NG018,Nigeria,NG,2016-11-29,2019-04-17,,Jigawa North-East,NG01801
1.72477496383,0.11629192374,Birni Kudu,NG018004,Birni Kudu,,,Jigawa,NG018,Nigeria,NG,2016-11-29,2019-04-17,,Jigawa South-West,NG01803
4.46220888593,0.53986869654,Birnin-Gwari,NG019001,Birnin-Gwari,,,Kaduna,NG019,Nigeria,NG,2016-11-29,2019-04-17,,Kaduna Central,NG01901
1.35251174443,0.08915246515,Birnin Kebbi,NG022006,Birnin Kebbi,,,Kebbi,NG022,Nigeria,NG,2016-11-29,2019-04-17,,Kebbi Central,NG02201
1.49652658736,0.10309963976,Birnin Magaji,NG037003,Birnin Magaji,,,Zamfara,NG037,Nigeria,NG,2016-11-29,2019-04-17,,Zamfara North,NG03702
2.56424614592,0.27133549536,Biu,NG008005,Biu,,,Borno,NG008,Nigeria,NG,2016-11-29,2019-04-17,,Borno South,NG00803
1.10551240835,0.05310571952,Bodinga,NG034002,Bodinga,,,Sokoto,NG034,Nigeria,NG,2016-11-29,2019-04-17,,Sokoto South,NG03403
1.15482467613,0.07334982358,Bogoro,NG005003,Bogoro,,,Bauchi,NG005,Nigeria,NG,2016-11-29,2019-04-17,,Bauchi South,NG00503
2.14300786486,0.23580907719,Boki,NG009008,Boki,,,Cross River,NG009,Nigeria,NG,2016-11-29,2019-04-17,,Cross River Central,NG00901
1.55906328994,0.14163651251,Bokkos,NG032003,Bokkos,,,Plateau,NG032,Nigeria,NG,2016-11-29,2019-04-17,,Plateau Central,NG03201
0.52127681364,0.01221334019,Boluwaduro,NG030005,Boluwaduro,,,Osun,NG030,Nigeria,NG,2016-11-29,2019-04-17,,Osun Central,NG03001
1.00459030193,0.01049883584,Bomadi,NG010003,Bomadi,,,Delta,NG010,Nigeria,NG,2016-11-29,2019-04-17,,Delta South,NG01003
1.28685762847,0.04494275635,Bonny,NG033007,Bonny,,,Rivers,NG033,Nigeria,NG,2016-11-29,2019-04-17,,Rivers West,NG03303
5.67943840525,0.92906909528,Borgu,NG027004,Borgu,,,Niger,NG027,Nigeria,NG,2016-11-29,2019-04-17,,Niger North,NG02702
0.60889301824,0.01182750055,Boripe,NG030006,Boripe,,,Osun,NG030,Nigeria,NG,2016-11-29,2019-04-17,,Osun Central,NG03001
1.87676835067,0.12517126324,Bosso,NG027005,Bosso,,,Niger,NG027,Nigeria,NG,2016-11-29,2019-04-17,,Niger East,NG02701
1.93317618333,0.07686894400,Brass,NG006001,Brass,,,Bayelsa,NG006,Nigeria,NG,2016-11-29,2019-04-17,,Bayelsa East,NG00602
1.07273280625,0.04714187546,Buji,NG018005,Buji,,,Jigawa,NG018,Nigeria,NG,2016-11-29,2019-04-17,,Jigawa South-West,NG01803
2.40028507179,0.27354134236,Bukkuyum,NG037004,Bukkuyum,,,Zamfara,NG037,Nigeria,NG,2016-11-29,2019-04-17,,Zamfara West,NG03703
2.84083623254,0.16868846837,Bungudu,NG037005,Bungudu,,,Zamfara,NG037,Nigeria,NG,2016-11-29,2019-04-17,,Zamfara Central,NG03701
1.07529036424,0.03660777105,Bunkure,NG020006,Bunkure,,,Kano,NG020,Nigeria,NG,2016-11-29,2019-04-17,,Kano South,NG02001
1.46812949939,0.09167182134,Bunza,NG022007,Bunza,,,Kebbi,NG022,Nigeria,NG,2016-11-29,2019-04-17,,Kebbi Central,NG02201
2.39430053509,0.31766115833,Bursari,NG036002,Bursari,,,Yobe,NG036,Nigeria,NG,2016-11-29,2019-04-17,,Yobe East,NG03601
2.04948332853,0.09604037297,Buruku,NG007004,Buruku,,,Benue,NG007,Nigeria,NG,2016-11-29,2019-04-17,,Benue North West,NG00702
2.61622319383,0.15772704661,Burutu,NG010004,Burutu,,,Delta,NG010,Nigeria,NG,2016-11-29,2019-04-17,,Delta South,NG01003
1.30071378292,0.08606499924,Bwari,NG015003,Bwari,,,Federal Capital Territory,NG015,Nigeria,NG,2016-11-29,2019-04-17,,Federal Capital Territory,NG01501
0.51615068246,0.01121549487,Calabar-Municipal,NG009010,Calabar-Municipal,,,Cross River,NG009,Nigeria,NG,2016-11-29,2019-04-17,,Cross River South,NG00903
0.81658550627,0.01537740982,Calabar South,NG009009,Calabar South,,,Cross River,NG009,Nigeria,NG,2016-11-29,2019-04-17,,Cross River South,NG00903
0.29452458219,0.00520407142,Chanchaga,NG027006,Chanchaga,,,Niger,NG027,Nigeria,NG,2016-11-29,2019-04-17,,Niger East,NG02701
1.22472321925,0.04066071915,Charanchi,NG021006,Charanchi,,,Katsina,NG021,Nigeria,NG,2016-11-29,2019-04-17,,Katsina Central,NG02101
1.57615672853,0.12563043646,Chibok,NG008006,Chibok,,,Borno,NG008,Nigeria,NG,2016-11-29,2019-04-17,,Borno South,NG00803
3.71903545886,0.37001392590,Chikun,NG019002,Chikun,,,Kaduna,NG019,Nigeria,NG,2016-11-29,2019-04-17,,Kaduna Central,NG01901
0.21629934443,0.00111318857,Dala,NG020007,Dala,,,Kano,NG020,Nigeria,NG,2016-11-29,2019-04-17,,Kano Central,NG02002
2.05049644590,0.19442970874,Damaturu,NG036003,Damaturu,,,Yobe,NG036,Nigeria,NG,2016-11-29,2019-04-17,,Yobe South,NG03603
1.30062746502,0.09103809042,Damban,NG005004,Damban,,,Bauchi,NG005,Nigeria,NG,2016-11-29,2019-04-17,,Bauchi Central,NG00501
1.49572316948,0.06567999204,Dambatta,NG020008,Dambatta,,,Kano,NG020,Nigeria,NG,2016-11-29,2019-04-17,,Kano North,NG02003
3.95217164917,0.48196096097,Damboa,NG008007,Damboa,,,Borno,NG008,Nigeria,NG,2016-11-29,2019-04-17,,Borno South,NG00803
1.21549324684,0.06708246952,Dan Musa,NG021007,Dan Musa,,,Katsina,NG021,Nigeria,NG,2016-11-29,2019-04-17,,Katsina Central,NG02101
1.73684461122,0.16117208306,Dandi,NG022008,Dandi,,,Kebbi,NG022,Nigeria,NG,2016-11-29,2019-04-17,,Kebbi North,NG02202
1.01734756517,0.03969000212,Dandume,NG021008,Dandume,,,Katsina,NG021,Nigeria,NG,2016-11-29,2019-04-17,,Katsina South,NG02103
1.40570211677,0.09440772872,Dange-Shuni,NG034003,Dange-Shuni,,,Sokoto,NG034,Nigeria,NG,2016-11-29,2019-04-17,,Sokoto South,NG03403
1.12229688322,0.03997374816,Danja,NG021009,Danja,,,Katsina,NG021,Nigeria,NG,2016-11-29,2019-04-17,,Katsina South,NG02103
2.96767428468,0.25262621128,Darazo,NG005005,Darazo,,,Bauchi,NG005,Nigeria,NG,2016-11-29,2019-04-17,,Bauchi Central,NG00501
1.06629748259,0.05676891633,Dass,NG005006,Dass,,,Bauchi,NG005,Nigeria,NG,2016-11-29,2019-04-17,,Bauchi South,NG00503
0.59824302725,0.01595780604,Daura,NG021010,Daura,,,Katsina,NG021,Nigeria,NG,2016-11-29,2019-04-17,,Katsina North,NG02102
0.93281667857,0.03189161638,Dawakin Kudu,NG020009,Dawakin Kudu,,,Kano,NG020,Nigeria,NG,2016-11-29,2019-04-17,,Kano Central,NG02002
1.00175855888,0.03632463842,Dawakin Tofa,NG020010,Dawakin Tofa,,,Kano,NG020,Nigeria,NG,2016-11-29,2019-04-17,,Kano North,NG02003
1.86438160456,0.08040153028,Degema,NG033008,Degema,,,Rivers,NG033,Nigeria,NG,2016-11-29,2019-04-17,,Rivers West,NG03303
2.12428471042,0.19722646023,Dekina,NG023005,Dekina,,,Kogi,NG023,Nigeria,NG,2016-11-29,2019-04-17,,Kogi East,NG02302
1.92366897826,0.12906807779,Demsa,NG002001,Demsa,,,Adamawa,NG002,Nigeria,NG,2016-11-29,2019-04-17,,Adamawa South,NG00203
1.99490847720,0.15691308107,Dikwa,NG008008,Dikwa,,,Borno,NG008,Nigeria,NG,2016-11-29,2019-04-17,,Borno Central,NG00801
1.92260252008,0.12313398113,Doguwa,NG020011,Doguwa,,,Kano,NG020,Nigeria,NG,2016-11-29,2019-04-17,,Kano South,NG02001
2.29391222074,0.20413590770,Doma,NG026003,Doma,,,Nasarawa,NG026,Nigeria,NG,2016-11-29,2019-04-17,,Nassarawa South,NG02601
3.02061437848,0.24922267582,Donga,NG035003,Donga,,,Taraba,NG035,Nigeria,NG,2016-11-29,2019-04-17,,Taraba South,NG03503
2.52816128350,0.30525356563,Dukku,NG016004,Dukku,,,Gombe,NG016,Nigeria,NG,2016-11-29,2019-04-17,,Gombe North,NG01602
0.46608495260,0.00436072990,Dunukofia,NG004008,Dunukofia,,,Anambra,NG004,Nigeria,NG,2016-11-29,2019-04-17,,Anambra Central,NG00401
1.57462217456,0.08536983082,Dutse,NG018006,Dutse,,,Jigawa,NG018,Nigeria,NG,2016-11-29,2019-04-17,,Jigawa South-West,NG01803
0.78885780770,0.02710736135,Dutsi,NG021011,Dutsi,,,Katsina,NG021,Nigeria,NG,2016-11-29,2019-04-17,,Katsina North,NG02102
1.18062625351,0.05382233410,Dutsin-Ma,NG021012,Dutsin-Ma,,,Katsina,NG021,Nigeria,NG,2016-11-29,2019-04-17,,Katsina Central,NG02101
0.69518796811,0.01001760518,Eastern Obolo,NG003002,Eastern Obolo,,,Akwa Ibom,NG003,Nigeria,NG,2016-11-29,2019-04-17,,Akwa Ibom South,NG00303
1.30540568601,0.04137907922,Ebonyi,NG011004,Ebonyi,,,Ebonyi,NG011,Nigeria,NG,2016-11-29,2019-04-17,,Ebonyi North,NG01103
1.29983829472,0.07494954325,Edati,NG027007,Edati,,,Niger,NG027,Nigeria,NG,2016-11-29,2019-04-17,,Niger South,NG02703
0.47144033799,0.00834363818,Ede North,NG030007,Ede North,,,Osun,NG030,Nigeria,NG,2016-11-29,2019-04-17,,Osun West,NG03003
0.56602347886,0.01762367676,Ede South,NG030008,Ede South,,,Osun,NG030,Nigeria,NG,2016-11-29,2019-04-17,,Osun West,NG03003
2.46537511418,0.20836260895,Edu,NG024003,Edu,,,Kwara,NG024,Nigeria,NG,2016-11-29,2019-04-17,,Kwara North,NG02402
0.59405985100,0.01886840566,Efon,NG013003,Efon,,,Ekiti,NG013,Nigeria,NG,2016-11-29,2019-04-17,,Ekiti Central,NG01302
1.82060800954,0.15198753663,Egbado North,NG028004,Egbado North,,,Ogun,NG028,Nigeria,NG,2016-11-29,2019-04-17,,Ogun West,NG02803
1.20060253239,0.05961009973,Egbado South,NG028005,Egbado South,,,Ogun,NG028,Nigeria,NG,2016-11-29,2019-04-17,,Ogun West,NG02803
0.71937443992,0.02116904738,Egbeda,NG031005,Egbeda,,,Oyo,NG031,Nigeria,NG,2016-11-29,2019-04-17,,Oyo Central,NG03101
0.82731226929,0.02202632734,Egbedore,NG030009,Egbedore,,,Osun,NG030,Nigeria,NG,2016-11-29,2019-04-17,,Osun West,NG03003
0.34333093892,0.00622091708,Egor,NG012002,Egor,,,Edo,NG012,Nigeria,NG,2016-11-29,2019-04-17,,Edo South,NG01201
0.52106219122,0.01422776865,Ehime-Mbano,NG017003,Ehime-Mbano,,,Imo,NG017,Nigeria,NG,2016-11-29,2019-04-17,,Imo North,NG01702
1.13048487930,0.02979127532,Ejigbo,NG030010,Ejigbo,,,Osun,NG030,Nigeria,NG,2016-11-29,2019-04-17,,Osun West,NG03003
2.17878591463,0.14802881819,Ekeremor,NG006002,Ekeremor,,,Bayelsa,NG006,Nigeria,NG,2016-11-29,2019-04-17,,Bayelsa West,NG00603
0.66820336368,0.01354587899,Eket,NG003003,Eket,,,Akwa Ibom,NG003,Nigeria,NG,2016-11-29,2019-04-17,,Akwa Ibom South,NG00303
0.96962648247,0.03899500854,Ekiti,NG024004,Ekiti,,,Kwara,NG024,Nigeria,NG,2016-11-29,2019-04-17,,Kwara South,NG02403
0.68671892834,0.02577526968,Ekiti East,NG013004,Ekiti East,,,Ekiti,NG013,Nigeria,NG,2016-11-29,2019-04-17,,Ekiti South,NG01301
0.81063115770,0.02752939810,Ekiti South West,NG013005,Ekiti South West,,,Ekiti,NG013,Nigeria,NG,2016-11-29,2019-04-17,,Ekiti South,NG01301
1.04585982719,0.03066626908,Ekiti West,NG013006,Ekiti West,,,Ekiti,NG013,Nigeria,NG,2016-11-29,2019-04-17,,Ekiti Central,NG01302
0.55129186908,0.00995763272,Ekwusigo,NG004009,Ekwusigo,,,Anambra,NG004,Nigeria,NG,2016-11-29,2019-04-17,,Anambra South,NG00403
0.41757139939,0.01113495887,Eleme,NG033009,Eleme,,,Rivers,NG033,Nigeria,NG,2016-11-29,2019-04-17,,Rivers South East,NG03302
1.54888034094,0.06792589015,Emohua,NG033010,Emohua,,,Rivers,NG033,Nigeria,NG,2016-11-29,2019-04-17,,Rivers East,NG03301
0.58495457043,0.02047307566,Emure,NG013007,Emure,,,Ekiti,NG013,Nigeria,NG,2016-11-29,2019-04-17,,Ekiti South,NG01301
0.77067300385,0.03204998937,Enugu East,NG014003,Enugu East,,,Enugu,NG014,Nigeria,NG,2016-11-29,2019-04-17,,Enugu East,NG01402
0.54814050261,0.00762820234,Enugu North,NG014004,Enugu North,,,Enugu,NG014,Nigeria,NG,2016-11-29,2019-04-17,,Enugu East,NG01402
0.34829224373,0.00615414646,Enugu South,NG014005,Enugu South,,,Enugu,NG014,Nigeria,NG,2016-11-29,2019-04-17,,Enugu East,NG01402
2.40174827755,0.09654686058,Epe,NG025007,Epe,,,Lagos,NG025,Nigeria,NG,2016-11-29,2019-04-17,,Lagos East,NG02503
0.99317773885,0.02158936656,Esan Central,NG012003,Esan Central,,,Edo,NG012,Nigeria,NG,2016-11-29,2019-04-17,,Edo Central,NG01202
0.97017480393,0.02797719677,Esan North East,NG012004,Esan North East,,,Edo,NG012,Nigeria,NG,2016-11-29,2019-04-17,,Edo Central,NG01202
1.50240400862,0.10674487612,Esan South East,NG012005,Esan South East,,,Edo,NG012,Nigeria,NG,2016-11-29,2019-04-17,,Edo Central,NG01202
1.22373707304,0.04214031215,Esan West,NG012006,Esan West,,,Edo,NG012,Nigeria,NG,2016-11-29,2019-04-17,,Edo Central,NG01202
1.53000087318,0.08801135906,Ese-Odo,NG029007,Ese-Odo,,,Ondo,NG029,Nigeria,NG,2016-11-29,2019-04-17,,Ondo South,NG02903
0.46695831990,0.01380707778,Esit - Eket,NG003004,Esit - Eket,,,Akwa Ibom,NG003,Nigeria,NG,2016-11-29,2019-04-17,,Akwa Ibom South,NG00303
0.73553621314,0.02358509817,Essien Udim,NG003005,Essien Udim,,,Akwa Ibom,NG003,Nigeria,NG,2016-11-29,2019-04-17,,Akwa Ibom North West,NG00302
1.12608864161,0.06653428861,Etche,NG033011,Etche,,,Rivers,NG033,Nigeria,NG,2016-11-29,2019-04-17,,Rivers East,NG03301
1.01385113260,0.03100404118,Ethiope East,NG010005,Ethiope East,,,Delta,NG010,Nigeria,NG,2016-11-29,2019-04-17,,Delta Central,NG01001
1.11930225075,0.04386313511,Ethiope West,NG010006,Ethiope West,,,Delta,NG010,Nigeria,NG,2016-11-29,2019-04-17,,Delta Central,NG01001
0.75012929296,0.01561585895,Eti-Osa,NG025008,Eti-Osa,,,Lagos,NG025,Nigeria,NG,2016-11-29,2019-04-17,,Lagos Central,NG02502
0.84292227572,0.01796873434,Etim Ekpo,NG003006,Etim Ekpo,,,Akwa Ibom,NG003,Nigeria,NG,2016-11-29,2019-04-17,,Akwa Ibom North West,NG00302
0.67462826659,0.01409205985,Etinan,NG003007,Etinan,,,Akwa Ibom,NG003,Nigeria,NG,2016-11-29,2019-04-17,,Akwa Ibom North East,NG00301
1.24513876115,0.05423203941,Etsako Central,NG012007,Etsako Central,,,Edo,NG012,Nigeria,NG,2016-11-29,2019-04-17,,Edo North,NG01203
1.61251719575,0.09265039352,Etsako East,NG012008,Etsako East,,,Edo,NG012,Nigeria,NG,2016-11-29,2019-04-17,,Edo North,NG01203
1.44218945958,0.07682109020,Etsako West,NG012009,Etsako West,,,Edo,NG012,Nigeria,NG,2016-11-29,2019-04-17,,Edo North,NG01203
1.21774990387,0.06634924945,Etung,NG009011,Etung,,,Cross River,NG009,Nigeria,NG,2016-11-29,2019-04-17,,Cross River Central,NG00901
1.05015224931,0.05118162628,Ewekoro,NG028006,Ewekoro,,,Ogun,NG028,Nigeria,NG,2016-11-29,2019-04-17,,Ogun Central,NG02801
1.00823480168,0.05216680877,Ezeagu,NG014006,Ezeagu,,,Enugu,NG014,Nigeria,NG,2016-11-29,2019-04-17,,Enugu West,NG01403
0.42949662071,0.00982693636,Ezinihitte,NG017004,Ezinihitte,,,Imo,NG017,Nigeria,NG,2016-11-29,2019-04-17,,Imo East,NG01701
0.88030710687,0.03378742683,Ezza North,NG011005,Ezza North,,,Ebonyi,NG011,Nigeria,NG,2016-11-29,2019-04-17,,Ebonyi Central,NG01102
0.85387218706,0.02157621899,Ezza South,NG011006,Ezza South,,,Ebonyi,NG011,Nigeria,NG,2016-11-29,2019-04-17,,Ebonyi Central,NG01102
0.33082677189,0.00320059307,Fagge,NG020012,Fagge,,,Kano,NG020,Nigeria,NG,2016-11-29,2019-04-17,,Kano Central,NG02002
2.39926724142,0.18602572212,Fakai,NG022009,Fakai,,,Kebbi,NG022,Nigeria,NG,2016-11-29,2019-04-17,,Kebbi South,NG02203
1.83134480585,0.13950023666,Faskari,NG021013,Faskari,,,Katsina,NG021,Nigeria,NG,2016-11-29,2019-04-17,,Katsina South,NG02103
2.24353784528,0.17819967962,Fika,NG036004,Fika,,,Yobe,NG036,Nigeria,NG,2016-11-29,2019-04-17,,Yobe South,NG03603
3.74795273885,0.38915482396,Fufore,NG002002,Fufore,,,Adamawa,NG002,Nigeria,NG,2016-11-29,2019-04-17,,Adamawa Central,NG00201
1.99776213272,0.13163601088,Funakaye,NG016005,Funakaye,,,Gombe,NG016,Nigeria,NG,2016-11-29,2019-04-17,,Gombe North,NG01602
3.28163618779,0.45420455656,Fune,NG036005,Fune,,,Yobe,NG036,Nigeria,NG,2016-11-29,2019-04-17,,Yobe South,NG03603
1.12102916058,0.03499105007,Funtua,NG021014,Funtua,,,Katsina,NG021,Nigeria,NG,2016-11-29,2019-04-17,,Katsina South,NG02103
1.29641961230,0.05074146945,Gabasawa,NG020013,Gabasawa,,,Kano,NG020,Nigeria,NG,2016-11-29,2019-04-17,,Kano North,NG02003
1.96035063933,0.12660377289,Gada,NG034004,Gada,,,Sokoto,NG034,Nigeria,NG,2016-11-29,2019-04-17,,Sokoto East,NG03401
0.97225625708,0.04846658836,Gagarawa,NG018007,Gagarawa,,,Jigawa,NG018,Nigeria,NG,2016-11-29,2019-04-17,,Jigawa North-West,NG01802
2.37350012442,0.24378958688,Gamawa,NG005007,Gamawa,,,Bauchi,NG005,Nigeria,NG,2016-11-29,2019-04-17,,Bauchi North,NG00502
3.33549318297,0.40415270560,Ganjuwa,NG005008,Ganjuwa,,,Bauchi,NG005,Nigeria,NG,2016-11-29,2019-04-17,,Bauchi Central,NG00501
2.12205125730,0.17199226820,Ganye,NG002003,Ganye,,,Adamawa,NG002,Nigeria,NG,2016-11-29,2019-04-17,,Adamawa South,NG00203
2.09446146196,0.11716291371,Garki,NG018008,Garki,,,Jigawa,NG018,Nigeria,NG,2016-11-29,2019-04-17,,Jigawa North-West,NG01802
1.19548995892,0.03662685383,Garko,NG020014,Garko,,,Kano,NG020,Nigeria,NG,2016-11-29,2019-04-17,,Kano South,NG02001
0.59198942466,0.01888890540,Garum Mallam,NG020015,Garum Mallam,,,Kano,NG020,Nigeria,NG,2016-11-29,2019-04-17,,Kano Central,NG02002
3.72004688479,0.68625281501,Gashaka,NG035004,Gashaka,,,Taraba,NG035,Nigeria,NG,2016-11-29,2019-04-17,,Taraba Central,NG03501
3.14145924123,0.45518375617,Gassol,NG035005,Gassol,,,Taraba,NG035,Nigeria,NG,2016-11-29,2019-04-17,,Taraba Central,NG03501
1.22320347662,0.04709877832,Gaya,NG020016,Gaya,,,Kano,NG020,Nigeria,NG,2016-11-29,2019-04-17,,Kano South,NG02001
1.96671332155,0.14403980566,Gbako,NG027008,Gbako,,,Niger,NG027,Nigeria,NG,2016-11-29,2019-04-17,,Niger South,NG02703
1.96546905787,0.15558347067,Gboko,NG007005,Gboko,,,Benue,NG007,Nigeria,NG,2016-11-29,2019-04-17,,Benue North West,NG00702
2.66520767405,0.31961719422,Geidam,NG036006,Geidam,,,Yobe,NG036,Nigeria,NG,2016-11-29,2019-04-17,,Yobe East,NG03601
0.81013154586,0.02813894213,Gezawa,NG020017,Gezawa,,,Kano,NG020,Nigeria,NG,2016-11-29,2019-04-17,,Kano Central,NG02002
1.27114545822,0.06213171039,Giade,NG005009,Giade,,,Bauchi,NG005,Nigeria,NG,2016-11-29,2019-04-17,,Bauchi North,NG00502
1.47802903766,0.09824771544,Girei,NG002005,Girei,,,Adamawa,NG002,Nigeria,NG,2016-11-29,2019-04-17,,Adamawa Central,NG00201
2.08597261442,0.16431240434,Giwa,NG019003,Giwa,,,Kaduna,NG019,Nigeria,NG,2016-11-29,2019-04-17,,Kaduna Central,NG01901
0.45224096680,0.01081897734,Gokana,NG033012,Gokana,,,Rivers,NG033,Nigeria,NG,2016-11-29,2019-04-17,,Rivers South East,NG03302
0.25418749620,0.00373004279,Gombe,NG016006,Gombe,,,Gombe,NG016,Nigeria,NG,2016-11-29,2019-04-17,,Gombe North,NG01602
1.84247470763,0.17851345806,Gombi,NG002004,Gombi,,,Adamawa,NG002,Nigeria,NG,2016-11-29,2019-04-17,,Adamawa Central,NG00201
2.31566494369,0.14259938515,Goronyo,NG034006,Goronyo,,,Sokoto,NG034,Nigeria,NG,2016-11-29,2019-04-17,,Sokoto East,NG03401
2.22129332461,0.21826785365,Gubio,NG008009,Gubio,,,Borno,NG008,Nigeria,NG,2016-11-29,2019-04-17,,Borno North,NG00802
2.20779614985,0.27393576927,Gudu,NG034007,Gudu,,,Sokoto,NG034,Nigeria,NG,2016-11-29,2019-04-17,,Sokoto North,NG03402
2.64121828333,0.28731763415,Gujba,NG036007,Gujba,,,Yobe,NG036,Nigeria,NG,2016-11-29,2019-04-17,,Yobe East,NG03601
2.19349503093,0.17614466437,Gulani,NG036008,Gulani,,,Yobe,NG036,Nigeria,NG,2016-11-29,2019-04-17,,Yobe East,NG03601
2.53386998207,0.23474691600,Guma,NG007006,Guma,,,Benue,NG007,Nigeria,NG,2016-11-29,2019-04-17,,Benue North West,NG00702
0.57403886669,0.01892191934,Gumel,NG018009,Gumel,,,Jigawa,NG018,Nigeria,NG,2016-11-29,2019-04-17,,Jigawa North-West,NG01802
2.04400797420,0.21629005859,Gummi,NG037006,Gummi,,,Zamfara,NG037,Nigeria,NG,2016-11-29,2019-04-17,,Zamfara West,NG03703
2.09873119060,0.09306996686,Gurara,NG027009,Gurara,,,Niger,NG027,Nigeria,NG,2016-11-29,2019-04-17,,Niger East,NG02701
1.32533878455,0.08854385050,Guri,NG018010,Guri,,,Jigawa,NG018,Nigeria,NG,2016-11-29,2019-04-17,,Jigawa North-East,NG01801
3.49760285029,0.22477626836,Gusau,NG037007,Gusau,,,Zamfara,NG037,Nigeria,NG,2016-11-29,2019-04-17,,Zamfara Central,NG03701
1.16644435720,0.05673514897,Guyuk,NG002006,Guyuk,,,Adamawa,NG002,Nigeria,NG,2016-11-29,2019-04-17,,Adamawa South,NG00203
2.40093780617,0.20948800620,Guzamala,NG008010,Guzamala,,,Borno,NG008,Nigeria,NG,2016-11-29,2019-04-17,,Borno North,NG00802
1.72478160102,0.08398738776,Gwadabawa,NG034005,Gwadabawa,,,Sokoto,NG034,Nigeria,NG,2016-11-29,2019-04-17,,Sokoto East,NG03401
1.24552544421,0.08232989721,Gwagwalada,NG015004,Gwagwalada,,,Federal Capital Territory,NG015,Nigeria,NG,2016-11-29,2019-04-17,,Federal Capital Territory,NG01501
0.27908499351,0.00196192834,Gwale,NG020018,Gwale,,,Kano,NG020,Nigeria,NG,2016-11-29,2019-04-17,,Kano Central,NG02002
1.39360045307,0.08746833126,Gwandu,NG022010,Gwandu,,,Kebbi,NG022,Nigeria,NG,2016-11-29,2019-04-17,,Kebbi Central,NG02201
2.40247762078,0.15384562076,Gwaram,NG018011,Gwaram,,,Jigawa,NG018,Nigeria,NG,2016-11-29,2019-04-17,,Jigawa South-West,NG01803
0.96012413893,0.03620369692,Gwarzo,NG020019,Gwarzo,,,Kano,NG020,Nigeria,NG,2016-11-29,2019-04-17,,Kano North,NG02003
2.00312628245,0.16334423211,Gwer East,NG007007,Gwer East,,,Benue,NG007,Nigeria,NG,2016-11-29,2019-04-17,,Benue North West,NG00702
1.41943657670,0.11730899413,Gwer West,NG007008,Gwer West,,,Benue,NG007,Nigeria,NG,2016-11-29,2019-04-17,,Benue North West,NG00702
0.83590534157,0.03758721248,Gwiwa,NG018012,Gwiwa,,,Jigawa,NG018,Nigeria,NG,2016-11-29,2019-04-17,,Jigawa North-West,NG01802
2.18571574929,0.24271931904,Gwoza,NG008011,Gwoza,,,Borno,NG008,Nigeria,NG,2016-11-29,2019-04-17,,Borno South,NG00803
0.21072198637,0.00268023372,Hadejia,NG018013,Hadejia,,,Jigawa,NG018,Nigeria,NG,2016-11-29,2019-04-17,,Jigawa North-East,NG01801
1.97364295667,0.16622089071,Hawul,NG008012,Hawul,,,Borno,NG008,Nigeria,NG,2016-11-29,2019-04-17,,Borno South,NG00803
2.23311084820,0.21958668218,Hong,NG002007,Hong,,,Adamawa,NG002,Nigeria,NG,2016-11-29,2019-04-17,,Adamawa Central,NG00201
0.23037783509,0.00318983881,Ibadan North,NG031006,Ibadan North,,,Oyo,NG031,Nigeria,NG,2016-11-29,2019-04-17,,Oyo South,NG03103
0.17288456656,0.00108357506,Ibadan North East,NG031007,Ibadan North East,,,Oyo,NG031,Nigeria,NG,2016-11-29,2019-04-17,,Oyo South,NG03103
0.15354579111,0.00093717845,Ibadan North West,NG031008,Ibadan North West,,,Oyo,NG031,Nigeria,NG,2016-11-29,2019-04-17,,Oyo South,NG03103
0.16016173767,0.00114945744,Ibadan South East,NG031009,Ibadan South East,,,Oyo,NG031,Nigeria,NG,2016-11-29,2019-04-17,,Oyo South,NG03103
0.30798753033,0.00394472592,Ibadan South West,NG031010,Ibadan South West,,,Oyo,NG031,Nigeria,NG,2016-11-29,2019-04-17,,Oyo South,NG03103
1.50584190524,0.10920655823,Ibaji,NG023006,Ibaji,,,Kogi,NG023,Nigeria,NG,2016-11-29,2019-04-17,,Kogi East,NG02302
1.18024746450,0.05599843435,Ibarapa Central,NG031011,Ibarapa Central,,,Oyo,NG031,Nigeria,NG,2016-11-29,2019-04-17,,Oyo South,NG03103
1.31402002015,0.06166406269,Ibarapa East,NG031012,Ibarapa East,,,Oyo,NG031,Nigeria,NG,2016-11-29,2019-04-17,,Oyo South,NG03103
1.25701812839,0.07890185869,Ibarapa North,NG031013,Ibarapa North,,,Oyo,NG031,Nigeria,NG,2016-11-29,2019-04-17,,Oyo South,NG03103
1.42859627755,0.03695350293,Ibeju/Lekki,NG025009,Ibeju/Lekki,,,Lagos,NG025,Nigeria,NG,2016-11-29,2019-04-17,,Lagos East,NG02503
1.11223453004,0.01983373550,Ibeno,NG003008,Ibeno,,,Akwa Ibom,NG003,Nigeria,NG,2016-11-29,2019-04-17,,Akwa Ibom South,NG00303
0.59795442119,0.01427813565,Ibesikpo Asutan,NG003009,Ibesikpo Asutan,,,Akwa Ibom,NG003,Nigeria,NG,2016-11-29,2019-04-17,,Akwa Ibom North East,NG00301
3.29578640054,0.21910444535,Ibi,NG035006,Ibi,,,Taraba,NG035,Nigeria,NG,2016-11-29,2019-04-17,,Taraba South,NG03503
0.98441985467,0.02742072007,Ibiono Ibom,NG003010,Ibiono Ibom,,,Akwa Ibom,NG003,Nigeria,NG,2016-11-29,2019-04-17,,Akwa Ibom North East,NG00301
0.46633447538,0.01097976514,Idah,NG023007,Idah,,,Kogi,NG023,Nigeria,NG,2016-11-29,2019-04-17,,Kogi East,NG02302
1.86853260154,0.15682474223,Idanre,NG029008,Idanre,,,Ondo,NG029,Nigeria,NG,2016-11-29,2019-04-17,,Ondo Central,NG02901
0.75451316119,0.01487720317,Ideato North,NG017005,Ideato North,,,Imo,NG017,Nigeria,NG,2016-11-29,2019-04-17,,Imo West,NG01703
0.41327568295,0.00850433888,Ideato South,NG017006,Ideato South,,,Imo,NG017,Nigeria,NG,2016-11-29,2019-04-17,,Imo West,NG01703
0.55404839916,0.01081690275,Idemili North,NG004010,Idemili North,,,Anambra,NG004,Nigeria,NG,2016-11-29,2019-04-17,,Anambra Central,NG00401
0.60134821894,0.01072209418,Idemili South,NG004011,Idemili South,,,Anambra,NG004,Nigeria,NG,2016-11-29,2019-04-17,,Anambra Central,NG00401
1.47793792968,0.07093469218,Ido,NG031014,Ido,,,Oyo,NG031,Nigeria,NG,2016-11-29,2019-04-17,,Oyo South,NG03103
0.60245250735,0.01893436950,Ido-Osi,NG013008,Ido-Osi,,,Ekiti,NG013,Nigeria,NG,2016-11-29,2019-04-17,,Ekiti North,NG01303
0.26754897776,0.00270297512,Ifako-Ijaye,NG025010,Ifako-Ijaye,,,Lagos,NG025,Nigeria,NG,2016-11-29,2019-04-17,,Lagos West,NG02501
0.39880317242,0.00907136790,Ife Central,NG030011,Ife Central,,,Osun,NG030,Nigeria,NG,2016-11-29,2019-04-17,,Osun East,NG03002
0.75209504837,0.01570708360,Ife East,NG030012,Ife East,,,Osun,NG030,Nigeria,NG,2016-11-29,2019-04-17,,Osun East,NG03002
1.84701665970,0.07372716619,Ife North,NG030013,Ife North,,,Osun,NG030,Nigeria,NG,2016-11-29,2019-04-17,,Osun East,NG03002
1.40604887123,0.06043102766,Ife South,NG030014,Ife South,,,Osun,NG030,Nigeria,NG,2016-11-29,2019-04-17,,Osun East,NG03002
0.65635267923,0.01134228415,Ifedayo,NG030015,Ifedayo,,,Osun,NG030,Nigeria,NG,2016-11-29,2019-04-17,,Osun Central,NG03001
0.72815215977,0.02599572342,Ifedore,NG029009,Ifedore,,,Ondo,NG029,Nigeria,NG,2016-11-29,2019-04-17,,Ondo Central,NG02901
3.57163271123,0.28239097161,Ifelodun,NG024005,Ifelodun,,,Kwara,NG024,Nigeria,NG,2016-11-29,2019-04-17,,Kwara South,NG02403
0.47980928252,0.00975628499,Ifelodun,NG030016,Ifelodun,,,Osun,NG030,Nigeria,NG,2016-11-29,2019-04-17,,Osun Central,NG03001
1.12858749104,0.04404721040,Ifo,NG028007,Ifo,,,Ogun,NG028,Nigeria,NG,2016-11-29,2019-04-17,,Ogun Central,NG02801
2.79896462724,0.28034930373,Igabi,NG019004,Igabi,,,Kaduna,NG019,Nigeria,NG,2016-11-29,2019-04-17,,Kaduna Central,NG01901
2.20714401602,0.17302518603,Igalamela-Odolu,NG023008,Igalamela-Odolu,,,Kogi,NG023,Nigeria,NG,2016-11-29,2019-04-17,,Kogi East,NG02302
0.79229250662,0.02731415454,Igbo-Etiti,NG014007,Igbo-Etiti,,,Enugu,NG014,Nigeria,NG,2016-11-29,2019-04-17,,Enugu North,NG01401
0.64069910929,0.02487907533,Igbo-Eze North,NG014008,Igbo-Eze North,,,Enugu,NG014,Nigeria,NG,2016-11-29,2019-04-17,,Enugu North,NG01401
0.64554792654,0.01392228833,Igbo-Eze South,NG014009,Igbo-Eze South,,,Enugu,NG014,Nigeria,NG,2016-11-29,2019-04-17,,Enugu North,NG01401
0.99638123800,0.02857295513,Igueben,NG012010,Igueben,,,Edo,NG012,Nigeria,NG,2016-11-29,2019-04-17,,Edo Central,NG01202
0.71083023612,0.01966495315,Ihiala,NG004012,Ihiala,,,Anambra,NG004,Nigeria,NG,2016-11-29,2019-04-17,,Anambra South,NG00403
0.44580074598,0.00885067233,Ihitte/Uboma,NG017007,Ihitte/Uboma,,,Imo,NG017,Nigeria,NG,2016-11-29,2019-04-17,,Imo North,NG01702
2.26015333986,0.17746637857,Ijebu East,NG028008,Ijebu East,,,Ogun,NG028,Nigeria,NG,2016-11-29,2019-04-17,,Ogun East,NG02802
1.20794787422,0.07805159870,Ijebu North,NG028009,Ijebu North,,,Ogun,NG028,Nigeria,NG,2016-11-29,2019-04-17,,Ogun East,NG02802
0.65312381502,0.01736099698,Ijebu North East,NG028010,Ijebu North East,,,Ogun,NG028,Nigeria,NG,2016-11-29,2019-04-17,,Ogun East,NG02802
0.69523770261,0.01166450702,Ijebu Ode,NG028011,Ijebu Ode,,,Ogun,NG028,Nigeria,NG,2016-11-29,2019-04-17,,Ogun East,NG02802
0.74420758990,0.03089736606,Ijero,NG013009,Ijero,,,Ekiti,NG013,Nigeria,NG,2016-11-29,2019-04-17,,Ekiti Central,NG01302
1.72340026639,0.10514418678,Ijumu,NG023009,Ijumu,,,Kogi,NG023,Nigeria,NG,2016-11-29,2019-04-17,,Kogi West,NG02303
0.49124913361,0.00935048672,Ika,NG003011,Ika,,,Akwa Ibom,NG003,Nigeria,NG,2016-11-29,2019-04-17,,Akwa Ibom North West,NG00302
0.98467707108,0.03821610350,Ika North East,NG010007,Ika North East,,,Delta,NG010,Nigeria,NG,2016-11-29,2019-04-17,,Delta North,NG01002
1.32192010706,0.03558943144,Ika South,NG010008,Ika South,,,Delta,NG010,Nigeria,NG,2016-11-29,2019-04-17,,Delta North,NG01002
1.81300934782,0.07789294169,Ikara,NG019005,Ikara,,,Kaduna,NG019,Nigeria,NG,2016-11-29,2019-04-17,,Kaduna North,NG01902
0.49134743654,0.01478442127,Ikeduru,NG017008,Ikeduru,,,Imo,NG017,Nigeria,NG,2016-11-29,2019-04-17,,Imo East,NG01701
0.37201827090,0.00380860343,Ikeja,NG025011,Ikeja,,,Lagos,NG025,Nigeria,NG,2016-11-29,2019-04-17,,Lagos West,NG02501
0.53322088956,0.01192206636,Ikenne,NG028012,Ikenne,,,Ogun,NG028,Nigeria,NG,2016-11-29,2019-04-17,,Ogun East,NG02802
0.61342171101,0.01943717801,Ikere,NG013010,Ikere,,,Ekiti,NG013,Nigeria,NG,2016-11-29,2019-04-17,,Ekiti South,NG01301
1.59701406371,0.08775417033,Ikole,NG013011,Ikole,,,Ekiti,NG013,Nigeria,NG,2016-11-29,2019-04-17,,Ekiti North,NG01303
2.09256137678,0.16074467199,Ikom,NG009012,Ikom,,,Cross River,NG009,Nigeria,NG,2016-11-29,2019-04-17,,Cross River Central,NG00901
0.86766027464,0.02142038175,Ikono,NG003012,Ikono,,,Akwa Ibom,NG003,Nigeria,NG,2016-11-29,2019-04-17,,Akwa Ibom North West,NG00302
0.86934734509,0.03261595764,Ikorodu,NG025012,Ikorodu,,,Lagos,NG025,Nigeria,NG,2016-11-29,2019-04-17,,Lagos East,NG02503
0.84753232827,0.02735656309,Ikot Abasi,NG003013,Ikot Abasi,,,Akwa Ibom,NG003,Nigeria,NG,2016-11-29,2019-04-17,,Akwa Ibom South,NG00303
0.41414642638,0.00945298203,Ikot Ekpene,NG003014,Ikot Ekpene,,,Akwa Ibom,NG003,Nigeria,NG,2016-11-29,2019-04-17,,Akwa Ibom North West,NG00302
1.52790149596,0.07002465164,Ikpoba-Okha,NG012011,Ikpoba-Okha,,,Edo,NG012,Nigeria,NG,2016-11-29,2019-04-17,,Edo South,NG01201
1.09122762494,0.05367348637,Ikwerre,NG033013,Ikwerre,,,Rivers,NG033,Nigeria,NG,2016-11-29,2019-04-17,,Rivers East,NG03301
1.11911283036,0.05355203103,Ikwo,NG011007,Ikwo,,,Ebonyi,NG011,Nigeria,NG,2016-11-29,2019-04-17,,Ebonyi Central,NG01102
0.75288653067,0.02271417073,Ikwuano,NG001005,Ikwuano,,,Abia,NG001,Nigeria,NG,2016-11-29,2019-04-17,,Abia Central,NG00101
0.79963517994,0.02290249787,Ila,NG030017,Ila,,,Osun,NG030,Nigeria,NG,2016-11-29,2019-04-17,,Osun Central,NG03001
2.14921564176,0.07875763580,Ilaje,NG029010,Ilaje,,,Ondo,NG029,Nigeria,NG,2016-11-29,2019-04-17,,Ondo South,NG02903
1.28359190315,0.04873594385,Ile-Oluji-Okeigbo,NG029011,Ile-Oluji-Okeigbo,,,Ondo,NG029,Nigeria,NG,2016-11-29,2019-04-17,,Ondo South,NG02903
0.37247639441,0.00776395034,Ilejemeji,NG013012,Ilejemeji,,,Ekiti,NG013,Nigeria,NG,2016-11-29,2019-04-17,,Ekiti North,NG01303
0.31809353699,0.00569954188,Ilesha East,NG030018,Ilesha East,,,Osun,NG030,Nigeria,NG,2016-11-29,2019-04-17,,Osun East,NG03002
0.29157609098,0.00348826119,Ilesha West,NG030019,Ilesha West,,,Osun,NG030,Nigeria,NG,2016-11-29,2019-04-17,,Osun East,NG03002
1.63088318301,0.09033848139,Illela,NG034008,Illela,,,Sokoto,NG034,Nigeria,NG,2016-11-29,2019-04-17,,Sokoto East,NG03401
1.20299895613,0.03706374718,Ilorin East,NG024006,Ilorin East,,,Kwara,NG024,Nigeria,NG,2016-11-29,2019-04-17,,Kwara Central,NG02401
0.86732264237,0.02015536870,Ilorin South,NG024007,Ilorin South,,,Kwara,NG024,Nigeria,NG,2016-11-29,2019-04-17,,Kwara Central,NG02401
0.54371683019,0.01223733140,Ilorin West,NG024008,Ilorin West,,,Kwara,NG024,Nigeria,NG,2016-11-29,2019-04-17,,Kwara Central,NG02401
2.25384071632,0.14815019588,Imeko-Afon,NG028013,Imeko-Afon,,,Ogun,NG028,Nigeria,NG,2016-11-29,2019-04-17,,Ogun West,NG02803
1.44830316170,0.06568520855,Ingawa,NG021015,Ingawa,,,Katsina,NG021,Nigeria,NG,2016-11-29,2019-04-17,,Katsina North,NG02102
0.95045747057,0.03124203060,Ini,NG003015,Ini,,,Akwa Ibom,NG003,Nigeria,NG,2016-11-29,2019-04-17,,Akwa Ibom North West,NG00302
1.28785145152,0.04680901671,Ipokia,NG028014,Ipokia,,,Ogun,NG028,Nigeria,NG,2016-11-29,2019-04-17,,Ogun West,NG02803
1.28304735700,0.07287372560,Irele,NG029012,Irele,,,Ondo,NG029,Nigeria,NG,2016-11-29,2019-04-17,,Ondo South,NG02903
1.31674637417,0.08048058286,Irepo,NG031015,Irepo,,,Oyo,NG031,Nigeria,NG,2016-11-29,2019-04-17,,Oyo North,NG03102
1.48591553787,0.05752194143,Irepodun,NG024009,Irepodun,,,Kwara,NG024,Nigeria,NG,2016-11-29,2019-04-17,,Kwara South,NG02403
0.26445678806,0.00248649737,Irepodun,NG030020,Irepodun,,,Osun,NG030,Nigeria,NG,2016-11-29,2019-04-17,,Osun Central,NG03001
0.85381490534,0.02679575216,Irepodun/Ifelodun,NG013013,Irepodun/Ifelodun,,,Ekiti,NG013,Nigeria,NG,2016-11-29,2019-04-17,,Ekiti Central,NG01302
0.61741679221,0.02147483048,Irewole,NG030021,Irewole,,,Osun,NG030,Nigeria,NG,2016-11-29,2019-04-17,,Osun West,NG03003
2.39039496919,0.18050606405,Isa,NG034009,Isa,,,Sokoto,NG034,Nigeria,NG,2016-11-29,2019-04-17,,Sokoto East,NG03401
0.87661634988,0.03389764977,Ise/Orun,NG013014,Ise/Orun,,,Ekiti,NG013,Nigeria,NG,2016-11-29,2019-04-17,,Ekiti South,NG01301
2.11051659798,0.14867473218,Iseyin,NG031016,Iseyin,,,Oyo,NG031,Nigeria,NG,2016-11-29,2019-04-17,,Oyo North,NG03102
1.47366645506,0.05681960083,Ishielu,NG011008,Ishielu,,,Ebonyi,NG011,Nigeria,NG,2016-11-29,2019-04-17,,Ebonyi Central,NG01102
1.43294238184,0.06917145184,Isi-Uzo,NG014010,Isi-Uzo,,,Enugu,NG014,Nigeria,NG,2016-11-29,2019-04-17,,Enugu East,NG01402
0.86397214041,0.02313235618,Isiala-Ngwa North,NG001006,Isiala-Ngwa North,,,Abia,NG001,Nigeria,NG,2016-11-29,2019-04-17,,Abia Central,NG00101
0.91836720514,0.02260384334,Isiala-Ngwa South,NG001007,Isiala-Ngwa South,,,Abia,NG001,Nigeria,NG,2016-11-29,2019-04-17,,Abia Central,NG00101
0.59293737921,0.01252952642,Isiala Mbano,NG017009,Isiala Mbano,,,Imo,NG017,Nigeria,NG,2016-11-29,2019-04-17,,Imo North,NG01702
1.01047120363,0.05180340199,Isin,NG024010,Isin,,,Kwara,NG024,Nigeria,NG,2016-11-29,2019-04-17,,Kwara South,NG02403
0.77592695278,0.03123529542,Isiukwuato,NG001008,Isiukwuato,,,Abia,NG001,Nigeria,NG,2016-11-29,2019-04-17,,Abia North,NG00102
0.88058232369,0.03575591443,Isokan,NG030022,Isokan,,,Osun,NG030,Nigeria,NG,2016-11-29,2019-04-17,,Osun West,NG03003
1.51283532924,0.03934253702,Isoko North,NG010009,Isoko North,,,Delta,NG010,Nigeria,NG,2016-11-29,2019-04-17,,Delta South,NG01003
1.21153083048,0.05627638883,Isoko South,NG010010,Isoko South,,,Delta,NG010,Nigeria,NG,2016-11-29,2019-04-17,,Delta South,NG01003
0.29616570736,0.00429348036,Isu,NG017010,Isu,,,Imo,NG017,Nigeria,NG,2016-11-29,2019-04-17,,Imo West,NG01703
2.31987904324,0.13716212640,Itas/Gadau,NG005010,Itas/Gadau,,,Bauchi,NG005,Nigeria,NG,2016-11-29,2019-04-17,,Bauchi North,NG00502
1.85622548550,0.12639367814,Itesiwaju,NG031017,Itesiwaju,,,Oyo,NG031,Nigeria,NG,2016-11-29,2019-04-17,,Oyo North,NG03102
0.69559548547,0.01470225751,Itu,NG003016,Itu,,,Akwa Ibom,NG003,Nigeria,NG,2016-11-29,2019-04-17,,Akwa Ibom North East,NG00301
0.73491873373,0.02177938261,Ivo,NG011009,Ivo,,,Ebonyi,NG011,Nigeria,NG,2016-11-29,2019-04-17,,Ebonyi South,NG01101
2.37939511970,0.19581457833,Iwajowa,NG031018,Iwajowa,,,Oyo,NG031,Nigeria,NG,2016-11-29,2019-04-17,,Oyo North,NG03102
0.81366735681,0.02234762457,Iwo,NG030023,Iwo,,,Osun,NG030,Nigeria,NG,2016-11-29,2019-04-17,,Osun West,NG03003
1.54108749943,0.08861024869,Izzi,NG011010,Izzi,,,Ebonyi,NG011,Nigeria,NG,2016-11-29,2019-04-17,,Ebonyi North,NG01103
1.07617220885,0.03742616938,Jaba,NG019006,Jaba,,,Kaduna,NG019,Nigeria,NG,2016-11-29,2019-04-17,,Kaduna South,NG01903
3.04735176855,0.21387076159,Jada,NG002008,Jada,,,Adamawa,NG002,Nigeria,NG,2016-11-29,2019-04-17,,Adamawa South,NG00203
1.48615488259,0.10344765642,Jahun,NG018014,Jahun,,,Jigawa,NG018,Nigeria,NG,2016-11-29,2019-04-17,,Jigawa South-West,NG01803
2.68935104383,0.29346468967,Jakusko,NG036009,Jakusko,,,Yobe,NG036,Nigeria,NG,2016-11-29,2019-04-17,,Yobe North,NG03602
0.71888047875,0.01565356170,Jalingo,NG035007,Jalingo,,,Taraba,NG035,Nigeria,NG,2016-11-29,2019-04-17,,Taraba North,NG03502
0.83495026068,0.03171079196,Jama'are,NG005011,Jamaare,,,Bauchi,NG005,Nigeria,NG,2016-11-29,2019-04-17,,Bauchi North,NG00502
1.73022321949,0.08021057663,Jega,NG022011,Jega,,,Kebbi,NG022,Nigeria,NG,2016-11-29,2019-04-17,,Kebbi North,NG02202
1.75663052419,0.11658125155,Jema'a,NG019007,Jemaa,,,Kaduna,NG019,Nigeria,NG,2016-11-29,2019-04-17,,Kaduna South,NG01903
1.88957194767,0.06997875406,Jere,NG008013,Jere,,,Borno,NG008,Nigeria,NG,2016-11-29,2019-04-17,,Borno Central,NG00801
2.09933801315,0.08890412876,Jibia,NG021016,Jibia,,,Katsina,NG021,Nigeria,NG,2016-11-29,2019-04-17,,Katsina Central,NG02101
1.13316675200,0.08471897863,Jos East,NG032004,Jos East,,,Plateau,NG032,Nigeria,NG,2016-11-29,2019-04-17,,Plateau North,NG03202
0.63027970246,0.02161738930,Jos North,NG032005,Jos North,,,Plateau,NG032,Nigeria,NG,2016-11-29,2019-04-17,,Plateau North,NG03202
1.00143801240,0.04665332265,Jos South,NG032006,Jos South,,,Plateau,NG032,Nigeria,NG,2016-11-29,2019-04-17,,Plateau North,NG03202
2.61090914330,0.22094118713,Kabba/Bunu,NG023010,Kabba/Bunu,,,Kogi,NG023,Nigeria,NG,2016-11-29,2019-04-17,,Kogi West,NG02303
1.04536466896,0.03088475575,Kabo,NG020020,Kabo,,,Kano,NG020,Nigeria,NG,2016-11-29,2019-04-17,,Kano North,NG02003
3.30372293773,0.37836360034,Kachia,NG019008,Kachia,,,Kaduna,NG019,Nigeria,NG,2016-11-29,2019-04-17,,Kaduna South,NG01903
0.32412437520,0.00490383771,Kaduna North,NG019009,Kaduna North,,,Kaduna,NG019,Nigeria,NG,2016-11-29,2019-04-17,,Kaduna Central,NG01901
0.35585206650,0.00435240468,Kaduna South,NG019010,Kaduna South,,,Kaduna,NG019,Nigeria,NG,2016-11-29,2019-04-17,,Kaduna Central,NG01901
1.42548134301,0.11388231110,Kafin Hausa,NG018015,Kafin Hausa,,,Jigawa,NG018,Nigeria,NG,2016-11-29,2019-04-17,,Jigawa North-East,NG01801
1.64116562593,0.08403100454,Kafur,NG021017,Kafur,,,Katsina,NG021,Nigeria,NG,2016-11-29,2019-04-17,,Katsina South,NG02103
2.32555081830,0.21344598967,Kaga,NG008014,Kaga,,,Borno,NG008,Nigeria,NG,2016-11-29,2019-04-17,,Borno Central,NG00801
2.15692040245,0.15734140500,Kagarko,NG019011,Kagarko,,,Kaduna,NG019,Nigeria,NG,2016-11-29,2019-04-17,,Kaduna South,NG01903
3.65177814448,0.57096495948,Kaiama,NG024011,Kaiama,,,Kwara,NG024,Nigeria,NG,2016-11-29,2019-04-17,,Kwara North,NG02402
1.09819132084,0.05955476876,Kaita,NG021018,Kaita,,,Katsina,NG021,Nigeria,NG,2016-11-29,2019-04-17,,Katsina Central,NG02101
0.93363246182,0.04956458325,Kajola,NG031019,Kajola,,,Oyo,NG031,Nigeria,NG,2016-11-29,2019-04-17,,Oyo North,NG03102
3.33765086793,0.24835525312,Kajuru,NG019012,Kajuru,,,Kaduna,NG019,Nigeria,NG,2016-11-29,2019-04-17,,Kaduna Central,NG01901
1.87173143738,0.15590418516,Kala/Balge,NG008015,Kala/Balge,,,Borno,NG008,Nigeria,NG,2016-11-29,2019-04-17,,Borno Central,NG00801
1.19422407425,0.05047166537,Kalgo,NG022012,Kalgo,,,Kebbi,NG022,Nigeria,NG,2016-11-29,2019-04-17,,Kebbi Central,NG02201
1.33392848299,0.09504735048,Kaltungo,NG016007,Kaltungo,,,Gombe,NG016,Nigeria,NG,2016-11-29,2019-04-17,,Gombe South,NG01603
2.58837142839,0.22609671808,Kanam,NG032007,Kanam,,,Plateau,NG032,Nigeria,NG,2016-11-29,2019-04-17,,Plateau Central,NG03201
1.80710066960,0.11579189801,Kankara,NG021019,Kankara,,,Katsina,NG021,Nigeria,NG,2016-11-29,2019-04-17,,Katsina South,NG02103
1.39078082649,0.07740398365,Kanke,NG032008,Kanke,,,Plateau,NG032,Nigeria,NG,2016-11-29,2019-04-17,,Plateau Central,NG03201
1.48636495820,0.06273396261,Kankia,NG021020,Kankia,,,Katsina,NG021,Nigeria,NG,2016-11-29,2019-04-17,,Katsina North,NG02102
0.20631143615,0.00142596422,Kano Municipal,NG020021,Kano Municipal,,,Kano,NG020,Nigeria,NG,2016-11-29,2019-04-17,,Kano Central,NG02002
2.09338611188,0.11097948495,Karasuwa,NG036010,Karasuwa,,,Yobe,NG036,Nigeria,NG,2016-11-29,2019-04-17,,Yobe North,NG03602
0.84237565673,0.03730994032,Karaye,NG020022,Karaye,,,Kano,NG020,Nigeria,NG,2016-11-29,2019-04-17,,Kano North,NG02003
3.89025025224,0.54400997812,Karim-Lamido,NG035008,Karim-Lamido,,,Taraba,NG035,Nigeria,NG,2016-11-29,2019-04-17,,Taraba North,NG03502
2.57363875317,0.23727103025,Karu,NG026004,Karu,,,Nasarawa,NG026,Nigeria,NG,2016-11-29,2019-04-17,,Nassarawa West,NG02603
1.93621225240,0.11000360531,Katagum,NG005012,Katagum,,,Bauchi,NG005,Nigeria,NG,2016-11-29,2019-04-17,,Bauchi North,NG00502
2.54171429823,0.13578578331,Katcha,NG027010,Katcha,,,Niger,NG027,Nigeria,NG,2016-11-29,2019-04-17,,Niger South,NG02703
0.45416313881,0.01233287714,Katsina,NG021021,Katsina,,,Katsina,NG021,Nigeria,NG,2016-11-29,2019-04-17,,Katsina Central,NG02101
2.43647011353,0.22036672580,Katsina-Ala,NG007009,Katsina-Ala,,,Benue,NG007,Nigeria,NG,2016-11-29,2019-04-17,,Benue North East,NG00701
1.77062141233,0.06796709324,Kaugama,NG018016,Kaugama,,,Jigawa,NG018,Nigeria,NG,2016-11-29,2019-04-17,,Jigawa North-East,NG01801
0.93277642612,0.04274570110,Kaura,NG019013,Kaura,,,Kaduna,NG019,Nigeria,NG,2016-11-29,2019-04-17,,Kaduna South,NG01903
1.47896553892,0.07202197325,Kaura Namoda,NG037008,Kaura Namoda,,,Zamfara,NG037,Nigeria,NG,2016-11-29,2019-04-17,,Zamfara North,NG03702
1.95553891453,0.20732596836,Kauru,NG019014,Kauru,,,Kaduna,NG019,Nigeria,NG,2016-11-29,2019-04-17,,Kaduna South,NG01903
1.03761573113,0.03179733489,Kazaure,NG018017,Kazaure,,,Jigawa,NG018,Nigeria,NG,2016-11-29,2019-04-17,,Jigawa North-West,NG01802
1.64620770152,0.09562946362,Keana,NG026005,Keana,,,Nasarawa,NG026,Nigeria,NG,2016-11-29,2019-04-17,,Nassarawa South,NG02601
2.31446856488,0.21786411834,Kebbe,NG034010,Kebbe,,,Sokoto,NG034,Nigeria,NG,2016-11-29,2019-04-17,,Sokoto South,NG03403
0.38613289609,0.00927081298,Keffi,NG026006,Keffi,,,Nasarawa,NG026,Nigeria,NG,2016-11-29,2019-04-17,,Nassarawa West,NG02603
0.99028493586,0.04555290543,Khana,NG033014,Khana,,,Rivers,NG033,Nigeria,NG,2016-11-29,2019-04-17,,Rivers South East,NG03302
0.82232209736,0.03617307917,Kibiya,NG020023,Kibiya,,,Kano,NG020,Nigeria,NG,2016-11-29,2019-04-17,,Kano South,NG02001
1.89800728261,0.18732262756,Kirfi,NG005013,Kirfi,,,Bauchi,NG005,Nigeria,NG,2016-11-29,2019-04-17,,Bauchi South,NG00503
1.32826260440,0.06902945529,Kiri Kasamma,NG018018,Kiri Kasamma,,,Jigawa,NG018,Nigeria,NG,2016-11-29,2019-04-17,,Jigawa North-East,NG01801
1.66811733032,0.07496912606,Kiru,NG020024,Kiru,,,Kano,NG020,Nigeria,NG,2016-11-29,2019-04-17,,Kano South,NG02001
1.60726899355,0.08557022759,Kiyawa,NG018019,Kiyawa,,,Jigawa,NG018,Nigeria,NG,2016-11-29,2019-04-17,,Jigawa South-West,NG01803
1.83204848329,0.12258322829,Kogi,NG023011,Kogi,,,Kogi,NG023,Nigeria,NG,2016-11-29,2019-04-17,,Kogi West,NG02303
1.90131121432,0.11128124055,Koko/Besse,NG022013,Koko/Besse,,,Kebbi,NG022,Nigeria,NG,2016-11-29,2019-04-17,,Kebbi Central,NG02201
2.32973649754,0.20997967800,Kokona,NG026007,Kokona,,,Nasarawa,NG026,Nigeria,NG,2016-11-29,2019-04-17,,Nassarawa West,NG02603
0.79816852543,0.02858594465,Kolokuma/Opokuma,NG006003,Kolokuma/Opokuma,,,Bayelsa,NG006,Nigeria,NG,2016-11-29,2019-04-17,,Bayelsa Central,NG00601
5.28505084575,0.49395930407,Konduga,NG008016,Konduga,,,Borno,NG008,Nigeria,NG,2016-11-29,2019-04-17,,Borno Central,NG00801
1.86777090034,0.13788555558,Konshisha,NG007010,Konshisha,,,Benue,NG007,Nigeria,NG,2016-11-29,2019-04-17,,Benue North East,NG00701
1.84932868300,0.14632850555,Kontagora,NG027011,Kontagora,,,Niger,NG027,Nigeria,NG,2016-11-29,2019-04-17,,Niger North,NG02702
0.40218262765,0.00666933377,Kosofe,NG025013,Kosofe,,,Lagos,NG025,Nigeria,NG,2016-11-29,2019-04-17,,Lagos East,NG02503
2.30852580487,0.19530549434,Kubau,NG019015,Kubau,,,Kaduna,NG019,Nigeria,NG,2016-11-29,2019-04-17,,Kaduna North,NG01902
0.88357159755,0.02766510283,Kudan,NG019016,Kudan,,,Kaduna,NG019,Nigeria,NG,2016-11-29,2019-04-17,,Kaduna North,NG01902
1.83519970784,0.12589325827,Kuje,NG015005,Kuje,,,Federal Capital Territory,NG015,Nigeria,NG,2016-11-29,2019-04-17,,Federal Capital Territory,NG01501
2.58164621952,0.40957334482,Kukawa,NG008017,Kukawa,,,Borno,NG008,Nigeria,NG,2016-11-29,2019-04-17,,Borno North,NG00802
0.66840854095,0.01590346965,Kumbotso,NG020025,Kumbotso,,,Kano,NG020,Nigeria,NG,2016-11-29,2019-04-17,,Kano Central,NG02002
0.99204804732,0.04330310156,Kunchi,NG020026,Kunchi,,,Kano,NG020,Nigeria,NG,2016-11-29,2019-04-17,,Kano North,NG02003
0.68140841798,0.01625807553,Kura,NG020027,Kura,,,Kano,NG020,Nigeria,NG,2016-11-29,2019-04-17,,Kano Central,NG02002
1.07553488748,0.04798014203,Kurfi,NG021022,Kurfi,,,Katsina,NG021,Nigeria,NG,2016-11-29,2019-04-17,,Katsina Central,NG02101
3.02638835020,0.35613997225,Kurmi,NG035009,Kurmi,,,Taraba,NG035,Nigeria,NG,2016-11-29,2019-04-17,,Taraba Central,NG03501
0.96100363417,0.03789414749,Kusada,NG021023,Kusada,,,Katsina,NG021,Nigeria,NG,2016-11-29,2019-04-17,,Katsina North,NG02102
1.46786682534,0.10292137537,Kwali,NG015006,Kwali,,,Federal Capital Territory,NG015,Nigeria,NG,2016-11-29,2019-04-17,,Federal Capital Territory,NG01501
1.96966924659,0.14192293668,Kwami,NG016008,Kwami,,,Gombe,NG016,Nigeria,NG,2016-11-29,2019-04-17,,Gombe North,NG01602
2.20770179342,0.19236014789,Kwande,NG007011,Kwande,,,Benue,NG007,Nigeria,NG,2016-11-29,2019-04-17,,Benue North East,NG00701
1.33767375364,0.04967394834,Kware,NG034011,Kware,,,Sokoto,NG034,Nigeria,NG,2016-11-29,2019-04-17,,Sokoto North,NG03402
1.11967203003,0.06170925498,Kwaya Kusar,NG008018,Kwaya Kusar,,,Borno,NG008,Nigeria,NG,2016-11-29,2019-04-17,,Borno South,NG00803
3.27293683030,0.21831164645,Lafia,NG026008,Lafia,,,Nasarawa,NG026,Nigeria,NG,2016-11-29,2019-04-17,,Nassarawa South,NG02601
0.87967399766,0.02234926277,Lagelu,NG031020,Lagelu,,,Oyo,NG031,Nigeria,NG,2016-11-29,2019-04-17,,Oyo Central,NG03101
0.10410787000,0.00070281634,Lagos Island,NG025014,Lagos Island,,,Lagos,NG025,Nigeria,NG,2016-11-29,2019-04-17,,Lagos Central,NG02502
0.19707900498,0.00192142450,Lagos Mainland,NG025015,Lagos Mainland,,,Lagos,NG025,Nigeria,NG,2016-11-29,2019-04-17,,Lagos Central,NG02502
1.42085436514,0.09107105246,Lamurde,NG002009,Lamurde,,,Adamawa,NG002,Nigeria,NG,2016-11-29,2019-04-17,,Adamawa South,NG00203
1.44941647217,0.06435215726,Langtang North,NG032009,Langtang North,,,Plateau,NG032,Nigeria,NG,2016-11-29,2019-04-17,,Plateau South,NG03203
1.44596870811,0.09847580239,Langtang South,NG032010,Langtang South,,,Plateau,NG032,Nigeria,NG,2016-11-29,2019-04-17,,Plateau South,NG03203
3.39811112815,0.24900781136,Lapai,NG027012,Lapai,,,Niger,NG027,Nigeria,NG,2016-11-29,2019-04-17,,Niger South,NG02703
1.67912784259,0.13632670061,Lau,NG035010,Lau,,,Taraba,NG035,Nigeria,NG,2016-11-29,2019-04-17,,Taraba North,NG03502
2.13503144096,0.21316842083,Lavun,NG027013,Lavun,,,Niger,NG027,Nigeria,NG,2016-11-29,2019-04-17,,Niger South,NG02703
2.57068045852,0.18996970451,Lere,NG019017,Lere,,,Kaduna,NG019,Nigeria,NG,2016-11-29,2019-04-17,,Kaduna North,NG01902
1.69466793123,0.13322530727,Logo,NG007012,Logo,,,Benue,NG007,Nigeria,NG,2016-11-29,2019-04-17,,Benue North East,NG00701
3.51906999065,0.26271408251,Lokoja,NG023012,Lokoja,,,Kogi,NG023,Nigeria,NG,2016-11-29,2019-04-17,,Kogi West,NG02303
1.77916092490,0.10666188486,Machina,NG036011,Machina,,,Yobe,NG036,Nigeria,NG,2016-11-29,2019-04-17,,Yobe North,NG03602
1.19035742963,0.06867564338,Madagali,NG002010,Madagali,,,Adamawa,NG002,Nigeria,NG,2016-11-29,2019-04-17,,Adamawa North,NG00202
0.76620771258,0.02139513317,Madobi,NG020028,Madobi,,,Kano,NG020,Nigeria,NG,2016-11-29,2019-04-17,,Kano Central,NG02002
2.46049796952,0.23686994536,Mafa,NG008019,Mafa,,,Borno,NG008,Nigeria,NG,2016-11-29,2019-04-17,,Borno Central,NG00801
3.51429394630,0.33486688666,Magama,NG027014,Magama,,,Niger,NG027,Nigeria,NG,2016-11-29,2019-04-17,,Niger North,NG02702
3.01160886711,0.39277125065,Magumeri,NG008020,Magumeri,,,Borno,NG008,Nigeria,NG,2016-11-29,2019-04-17,,Borno North,NG00802
1.12240487012,0.05163977524,Mai'adua,NG021024,Maiadua,,,Katsina,NG021,Nigeria,NG,2016-11-29,2019-04-17,,Katsina North,NG02102
0.51951847099,0.01160313513,Maiduguri,NG008021,Maiduguri,,,Borno,NG008,Nigeria,NG,2016-11-29,2019-04-17,,Borno Central,NG00801
1.34287437453,0.08027692237,Maigatari,NG018020,Maigatari,,,Jigawa,NG018,Nigeria,NG,2016-11-29,2019-04-17,,Jigawa North-West,NG01802
1.75450229397,0.11181067185,Maiha,NG002011,Maiha,,,Adamawa,NG002,Nigeria,NG,2016-11-29,2019-04-17,,Adamawa North,NG00202
2.09543779737,0.11072612869,Maiyama,NG022014,Maiyama,,,Kebbi,NG022,Nigeria,NG,2016-11-29,2019-04-17,,Kebbi Central,NG02201
1.42518571977,0.03340826454,Makoda,NG020029,Makoda,,,Kano,NG020,Nigeria,NG,2016-11-29,2019-04-17,,Kano North,NG02003
0.99093957514,0.06657235127,Makurdi,NG007013,Makurdi,,,Benue,NG007,Nigeria,NG,2016-11-29,2019-04-17,,Benue North West,NG00702
1.52771533829,0.06709079241,Malam Madori,NG018021,Malam Madori,,,Jigawa,NG018,Nigeria,NG,2016-11-29,2019-04-17,,Jigawa North-East,NG01801
1.51320914579,0.06686698702,Malumfashi,NG021025,Malumfashi,,,Katsina,NG021,Nigeria,NG,2016-11-29,2019-04-17,,Katsina South,NG02103
2.11804186880,0.13250566024,Mangu,NG032011,Mangu,,,Plateau,NG032,Nigeria,NG,2016-11-29,2019-04-17,,Plateau Central,NG03201
1.45234174835,0.05585505059,Mani,NG021026,Mani,,,Katsina,NG021,Nigeria,NG,2016-11-29,2019-04-17,,Katsina North,NG02102
2.42125399616,0.22922922271,Maradun,NG037009,Maradun,,,Zamfara,NG037,Nigeria,NG,2016-11-29,2019-04-17,,Zamfara West,NG03703
3.57432602104,0.47689022880,Mariga,NG027015,Mariga,,,Niger,NG027,Nigeria,NG,2016-11-29,2019-04-17,,Niger North,NG02702
1.05158013642,0.04738693481,Markafi,NG019018,Markafi,,,Kaduna,NG019,Nigeria,NG,2016-11-29,2019-04-17,,Kaduna North,NG01902
2.27292552236,0.24592176674,Marte,NG008022,Marte,,,Borno,NG008,Nigeria,NG,2016-11-29,2019-04-17,,Borno North,NG00802
5.08944359845,0.59795923299,Maru,NG037010,Maru,,,Zamfara,NG037,Nigeria,NG,2016-11-29,2019-04-17,,Zamfara Central,NG03701
4.49860486321,0.76663408566,Mashegu,NG027016,Mashegu,,,Niger,NG027,Nigeria,NG,2016-11-29,2019-04-17,,Niger North,NG02702
1.45379114279,0.07822464596,Mashi,NG021027,Mashi,,,Katsina,NG021,Nigeria,NG,2016-11-29,2019-04-17,,Katsina North,NG02102
0.96170142523,0.04484499470,Matazu,NG021028,Matazu,,,Katsina,NG021,Nigeria,NG,2016-11-29,2019-04-17,,Katsina South,NG02103
2.72893133991,0.17341168199,Mayo-Belwa,NG002012,Mayo-Belwa,,,Adamawa,NG002,Nigeria,NG,2016-11-29,2019-04-17,,Adamawa South,NG00203
0.60058141756,0.01632340217,Mbaitoli,NG017011,Mbaitoli,,,Imo,NG017,Nigeria,NG,2016-11-29,2019-04-17,,Imo East,NG01701
1.93319801877,0.01967997994,Mbo,NG003017,Mbo,,,Akwa Ibom,NG003,Nigeria,NG,2016-11-29,2019-04-17,,Akwa Ibom South,NG00303
1.11393528386,0.06696603017,Michika,NG002013,Michika,,,Adamawa,NG002,Nigeria,NG,2016-11-29,2019-04-17,,Adamawa North,NG00202
1.01238527805,0.04727750913,Miga,NG018022,Miga,,,Jigawa,NG018,Nigeria,NG,2016-11-29,2019-04-17,,Jigawa South-West,NG01803
1.28916434885,0.06456868627,Mikang,NG032012,Mikang,,,Plateau,NG032,Nigeria,NG,2016-11-29,2019-04-17,,Plateau South,NG03203
0.88308061867,0.03583927928,Minjibir,NG020030,Minjibir,,,Kano,NG020,Nigeria,NG,2016-11-29,2019-04-17,,Kano Central,NG02002
1.41550177094,0.08263457377,Misau,NG005014,Misau,,,Bauchi,NG005,Nigeria,NG,2016-11-29,2019-04-17,,Bauchi Central,NG00501
0.98354708688,0.02854798009,Mkpat Enin,NG003018,Mkpat Enin,,,Akwa Ibom,NG003,Nigeria,NG,2016-11-29,2019-04-17,,Akwa Ibom South,NG00303
0.58897033194,0.01617161933,Moba,NG013015,Moba,,,Ekiti,NG013,Nigeria,NG,2016-11-29,2019-04-17,,Ekiti North,NG01303
2.53484467267,0.22542219045,Mobbar,NG008023,Mobbar,,,Borno,NG008,Nigeria,NG,2016-11-29,2019-04-17,,Borno North,NG00802
6.76815542887,0.43607648448,Mokwa,NG027017,Mokwa,,,Niger,NG027,Nigeria,NG,2016-11-29,2019-04-17,,Niger South,NG02703
2.42372789328,0.15737943478,Monguno,NG008024,Monguno,,,Borno,NG008,Nigeria,NG,2016-11-29,2019-04-17,,Borno North,NG00802
1.26616991739,0.06836567719,Mopa-Muro,NG023013,Mopa-Muro,,,Kogi,NG023,Nigeria,NG,2016-11-29,2019-04-17,,Kogi West,NG02303
2.30668897644,0.25648299069,Moro,NG024012,Moro,,,Kwara,NG024,Nigeria,NG,2016-11-29,2019-04-17,,Kwara North,NG02402
1.04665664981,0.06219804863,Mubi North,NG002014,Mubi North,,,Adamawa,NG002,Nigeria,NG,2016-11-29,2019-04-17,,Adamawa North,NG00202
0.97472422395,0.04147766963,Mubi South,NG002015,Mubi South,,,Adamawa,NG002,Nigeria,NG,2016-11-29,2019-04-17,,Adamawa North,NG00202
1.36679969728,0.06541722609,Musawa,NG021029,Musawa,,,Katsina,NG021,Nigeria,NG,2016-11-29,2019-04-17,,Katsina South,NG02103
0.18203573139,0.00135357651,Mushin,NG025016,Mushin,,,Lagos,NG025,Nigeria,NG,2016-11-29,2019-04-17,,Lagos West,NG02501
2.06467173097,0.17199121656,Muya,NG027018,Muya,,,Niger,NG027,Nigeria,NG,2016-11-29,2019-04-17,,Niger East,NG02701
1.68258609431,0.13055925728,Nafada,NG016009,Nafada,,,Gombe,NG016,Nigeria,NG,2016-11-29,2019-04-17,,Gombe North,NG01602
1.77422623266,0.08660006514,Nangere,NG036012,Nangere,,,Yobe,NG036,Nigeria,NG,2016-11-29,2019-04-17,,Yobe South,NG03603
0.28623706589,0.00346014813,Nasarawa,NG020031,Nasarawa,,,Kano,NG020,Nigeria,NG,2016-11-29,2019-04-17,,Kano Central,NG02002
2.85965406536,0.39842879938,Nasarawa,NG026009,Nasarawa,,,Nasarawa,NG026,Nigeria,NG,2016-11-29,2019-04-17,,Nassarawa West,NG02603
1.59194107715,0.10340592184,Nasarawa-Eggon,NG026010,Nasarawa-Eggon,,,Nasarawa,NG026,Nigeria,NG,2016-11-29,2019-04-17,,Nassarawa North,NG02602
2.30040476430,0.13136371064,Ndokwa East,NG010011,Ndokwa East,,,Delta,NG010,Nigeria,NG,2016-11-29,2019-04-17,,Delta North,NG01002
1.58181212754,0.06710975793,Ndokwa West,NG010012,Ndokwa West,,,Delta,NG010,Nigeria,NG,2016-11-29,2019-04-17,,Delta North,NG01002
1.76205838575,0.11433563602,Nembe,NG006004,Nembe,,,Bayelsa,NG006,Nigeria,NG,2016-11-29,2019-04-17,,Bayelsa East,NG00602
1.80749449654,0.11991994334,Ngala,NG008025,Ngala,,,Borno,NG008,Nigeria,NG,2016-11-29,2019-04-17,,Borno Central,NG00801
2.30622185711,0.19237176017,Nganzai,NG008026,Nganzai,,,Borno,NG008,Nigeria,NG,2016-11-29,2019-04-17,,Borno North,NG00802
3.06883675838,0.21526357051,Ngaski,NG022015,Ngaski,,,Kebbi,NG022,Nigeria,NG,2016-11-29,2019-04-17,,Kebbi South,NG02203
0.98511905449,0.04423173997,Ngor-Okpala,NG017012,Ngor-Okpala,,,Imo,NG017,Nigeria,NG,2016-11-29,2019-04-17,,Imo East,NG01701
1.18674730509,0.06803592914,Nguru,NG036013,Nguru,,,Yobe,NG036,Nigeria,NG,2016-11-29,2019-04-17,,Yobe North,NG03602
2.62679618563,0.38458089359,Ningi,NG005015,Ningi,,,Bauchi,NG005,Nigeria,NG,2016-11-29,2019-04-17,,Bauchi Central,NG00501
0.42441674585,0.00640494875,Njaba,NG017013,Njaba,,,Imo,NG017,Nigeria,NG,2016-11-29,2019-04-17,,Imo West,NG01703
0.46166104699,0.00796170529,Njikoka,NG004013,Njikoka,,,Anambra,NG004,Nigeria,NG,2016-11-29,2019-04-17,,Anambra Central,NG00401
1.38034324744,0.06212423012,Nkanu East,NG014011,Nkanu East,,,Enugu,NG014,Nigeria,NG,2016-11-29,2019-04-17,,Enugu East,NG01402
0.71061306332,0.02083205303,Nkanu West,NG014012,Nkanu West,,,Enugu,NG014,Nigeria,NG,2016-11-29,2019-04-17,,Enugu East,NG01402
0.27461175029,0.00286104447,Nkwerre,NG017014,Nkwerre,,,Imo,NG017,Nigeria,NG,2016-11-29,2019-04-17,,Imo West,NG01703
0.33104037822,0.00560197241,Nnewi North,NG004014,Nnewi North,,,Anambra,NG004,Nigeria,NG,2016-11-29,2019-04-17,,Anambra South,NG00403
0.55923035468,0.01259560206,Nnewi South,NG004015,Nnewi South,,,Anambra,NG004,Nigeria,NG,2016-11-29,2019-04-17,,Anambra South,NG00403
0.51674202690,0.01065737370,Nsit Atai,NG003019,Nsit Atai,,,Akwa Ibom,NG003,Nigeria,NG,2016-11-29,2019-04-17,,Akwa Ibom North East,NG00301
0.53242848304,0.01065237235,Nsit Ibom,NG003020,Nsit Ibom,,,Akwa Ibom,NG003,Nigeria,NG,2016-11-29,2019-04-17,,Akwa Ibom North East,NG00301
0.62636697544,0.01637911795,Nsit Ubium,NG003021,Nsit Ubium,,,Akwa Ibom,NG003,Nigeria,NG,2016-11-29,2019-04-17,,Akwa Ibom North East,NG00301
1.44472710132,0.04551197446,Nsukka,NG014013,Nsukka,,,Enugu,NG014,Nigeria,NG,2016-11-29,2019-04-17,,Enugu North,NG01401
1.60277168574,0.06870445616,Numan,NG002016,Numan,,,Adamawa,NG002,Nigeria,NG,2016-11-29,2019-04-17,,Adamawa South,NG00203
0.36642044873,0.00568550095,Nwangele,NG017015,Nwangele,,,Imo,NG017,Nigeria,NG,2016-11-29,2019-04-17,,Imo West,NG01703
1.77917047375,0.12067239177,Obafemi-Owode,NG028015,Obafemi-Owode,,,Ogun,NG028,Nigeria,NG,2016-11-29,2019-04-17,,Ogun Central,NG02801
1.42014018836,0.07672995978,Obanliku,NG009013,Obanliku,,,Cross River,NG009,Nigeria,NG,2016-11-29,2019-04-17,,Cross River North,NG00902
0.89967696449,0.04067489937,Obi,NG007014,Obi,,,Benue,NG007,Nigeria,NG,2016-11-29,2019-04-17,,Benue South,NG00703
1.50056748672,0.08343605302,Obi,NG026011,Obi,,,Nasarawa,NG026,Nigeria,NG,2016-11-29,2019-04-17,,Nassarawa South,NG02601
0.87727766707,0.03294396468,Obi Ngwa,NG001009,Obi Ngwa,,,Abia,NG001,Nigeria,NG,2016-11-29,2019-04-17,,Abia South,NG00103
0.81731069589,0.02100477368,Obia/Akpor,NG033015,Obia/Akpor,,,Rivers,NG033,Nigeria,NG,2016-11-29,2019-04-17,,Rivers East,NG03301
0.89686058218,0.04165115322,Obokun,NG030024,Obokun,,,Osun,NG030,Nigeria,NG,2016-11-29,2019-04-17,,Osun East,NG03002
0.63547710163,0.01915745504,Obot Akara,NG003022,Obot Akara,,,Akwa Ibom,NG003,Nigeria,NG,2016-11-29,2019-04-17,,Akwa Ibom North West,NG00302
0.37899684612,0.00705353962,Obowo,NG017016,Obowo,,,Imo,NG017,Nigeria,NG,2016-11-29,2019-04-17,,Imo North,NG01702
1.79429328019,0.09349137504,Obubra,NG009014,Obubra,,,Cross River,NG009,Nigeria,NG,2016-11-29,2019-04-17,,Cross River Central,NG00901
0.88502947163,0.03824473351,Obudu,NG009015,Obudu,,,Cross River,NG009,Nigeria,NG,2016-11-29,2019-04-17,,Cross River North,NG00902
1.92027713730,0.11755344499,Odeda,NG028016,Odeda,,,Ogun,NG028,Nigeria,NG,2016-11-29,2019-04-17,,Ogun Central,NG02801
2.49513706260,0.15364669865,Odigbo,NG029013,Odigbo,,,Ondo,NG029,Nigeria,NG,2016-11-29,2019-04-17,,Ondo South,NG02903
0.74657049598,0.02386117801,Odo-Otin,NG030025,Odo-Otin,,,Osun,NG030,Nigeria,NG,2016-11-29,2019-04-17,,Osun Central,NG03001
0.93334605306,0.04479403410,Odogbolu,NG028017,Odogbolu,,,Ogun,NG028,Nigeria,NG,2016-11-29,2019-04-17,,Ogun East,NG02802
2.37450905506,0.11048753238,Odukpani,NG009016,Odukpani,,,Cross River,NG009,Nigeria,NG,2016-11-29,2019-04-17,,Cross River South,NG00903
0.38738667007,0.00773818847,Offa,NG024013,Offa,,,Kwara,NG024,Nigeria,NG,2016-11-29,2019-04-17,,Kwara Central,NG02401
2.42393951443,0.14047917413,Ofu,NG023014,Ofu,,,Kogi,NG023,Nigeria,NG,2016-11-29,2019-04-17,,Kogi East,NG02302
1.73388923131,0.07819293937,Ogba/Egbema/Ndoni,NG033016,Ogba/Egbema/Ndoni,,,Rivers,NG033,Nigeria,NG,2016-11-29,2019-04-17,,Rivers West,NG03303
1.02393669026,0.04932991446,Ogbadibo,NG007015,Ogbadibo,,,Benue,NG007,Nigeria,NG,2016-11-29,2019-04-17,,Benue South,NG00703
1.13746947398,0.04227994930,Ogbaru,NG004016,Ogbaru,,,Anambra,NG004,Nigeria,NG,2016-11-29,2019-04-17,,Anambra North,NG00402
1.09963417006,0.05527878365,Ogbia,NG006005,Ogbia,,,Bayelsa,NG006,Nigeria,NG,2016-11-29,2019-04-17,,Bayelsa East,NG00602
0.39590152639,0.00747644852,Ogbomosho North,NG031021,Ogbomosho North,,,Oyo,NG031,Nigeria,NG,2016-11-29,2019-04-17,,Oyo North,NG03102
0.27553914401,0.00237829980,Ogbomosho South,NG031022,Ogbomosho South,,,Oyo,NG031,Nigeria,NG,2016-11-29,2019-04-17,,Oyo North,NG03102
0.85256556582,0.03075729208,Ogo Oluwa,NG031023,Ogo Oluwa,,,Oyo,NG031,Nigeria,NG,2016-11-29,2019-04-17,,Oyo Central,NG03101
1.65766741783,0.07462331597,Ogoja,NG009017,Ogoja,,,Cross River,NG009,Nigeria,NG,2016-11-29,2019-04-17,,Cross River North,NG00902
0.34535711576,0.00649702813,Ogori/Magongo,NG023015,Ogori/Magongo,,,Kogi,NG023,Nigeria,NG,2016-11-29,2019-04-17,,Kogi Central,NG02301
0.60146485982,0.01059562460,Ogu/Bolo,NG033017,Ogu/Bolo,,,Rivers,NG033,Nigeria,NG,2016-11-29,2019-04-17,,Rivers East,NG03301
1.81567845642,0.07925216586,Ogun waterside,NG028018,Ogun waterside,,,Ogun,NG028,Nigeria,NG,2016-11-29,2019-04-17,,Ogun East,NG02802
0.86820611604,0.03446778689,Oguta,NG017017,Oguta,,,Imo,NG017,Nigeria,NG,2016-11-29,2019-04-17,,Imo West,NG01703
0.94668586369,0.03592613826,Ohafia,NG001010,Ohafia,,,Abia,NG001,Nigeria,NG,2016-11-29,2019-04-17,,Abia North,NG00102
1.35053640923,0.07309868035,Ohaji/Egbema,NG017018,Ohaji/Egbema,,,Imo,NG017,Nigeria,NG,2016-11-29,2019-04-17,,Imo West,NG01703
0.86230231277,0.02722796592,Ohaozara,NG011011,Ohaozara,,,Ebonyi,NG011,Nigeria,NG,2016-11-29,2019-04-17,,Ebonyi South,NG01101
1.17998300052,0.04925624889,Ohaukwu,NG011012,Ohaukwu,,,Ebonyi,NG011,Nigeria,NG,2016-11-29,2019-04-17,,Ebonyi North,NG01103
1.00311423070,0.04902193010,Ohimini,NG007016,Ohimini,,,Benue,NG007,Nigeria,NG,2016-11-29,2019-04-17,,Benue South,NG00703
0.93912704794,0.03360990031,Oji-River,NG014014,Oji-River,,,Enugu,NG014,Nigeria,NG,2016-11-29,2019-04-17,,Enugu West,NG01403
0.66876900484,0.01321602353,Ojo,NG025017,Ojo,,,Lagos,NG025,Nigeria,NG,2016-11-29,2019-04-17,,Lagos West,NG02501
1.62982560206,0.09737886774,Oju,NG007017,Oju,,,Benue,NG007,Nigeria,NG,2016-11-29,2019-04-17,,Benue South,NG00703
1.17549999768,0.03574932405,Oke-Ero,NG024014,Oke-Ero,,,Kwara,NG024,Nigeria,NG,2016-11-29,2019-04-17,,Kwara South,NG02403
1.37345736435,0.05418710663,Okehi,NG023016,Okehi,,,Kogi,NG023,Nigeria,NG,2016-11-29,2019-04-17,,Kogi Central,NG02301
1.00527394322,0.02443751535,Okene,NG023017,Okene,,,Kogi,NG023,Nigeria,NG,2016-11-29,2019-04-17,,Kogi Central,NG02301
0.78573467889,0.02505771484,Okigwe,NG017019,Okigwe,,,Imo,NG017,Nigeria,NG,2016-11-29,2019-04-17,,Imo North,NG01702
1.29982217877,0.06995447422,Okitipupa,NG029014,Okitipupa,,,Ondo,NG029,Nigeria,NG,2016-11-29,2019-04-17,,Ondo South,NG02903
0.71186194445,0.02454263001,Okobo,NG003023,Okobo,,,Akwa Ibom,NG003,Nigeria,NG,2016-11-29,2019-04-17,,Akwa Ibom South,NG00303
1.17479107888,0.03920770780,Okpe,NG010013,Okpe,,,Delta,NG010,Nigeria,NG,2016-11-29,2019-04-17,,Delta Central,NG01001
1.41282597161,0.07566592230,Okpokwu,NG007018,Okpokwu,,,Benue,NG007,Nigeria,NG,2016-11-29,2019-04-17,,Benue South,NG00703
0.94748042026,0.02334380358,Okrika,NG033018,Okrika,,,Rivers,NG033,Nigeria,NG,2016-11-29,2019-04-17,,Rivers East,NG03301
0.70234827698,0.02673141336,Ola-oluwa,NG030026,Ola-oluwa,,,Osun,NG030,Nigeria,NG,2016-11-29,2019-04-17,,Osun West,NG03003
1.46710878203,0.08108927997,Olamabolo,NG023018,Olamabolo,,,Kogi,NG023,Nigeria,NG,2016-11-29,2019-04-17,,Kogi East,NG02302
0.54840210947,0.00889549854,Olorunda,NG030027,Olorunda,,,Osun,NG030,Nigeria,NG,2016-11-29,2019-04-17,,Osun Central,NG03001
1.38661956079,0.08691477083,Olorunsogo,NG031024,Olorunsogo,,,Oyo,NG031,Nigeria,NG,2016-11-29,2019-04-17,,Oyo North,NG03102
1.01601302702,0.05468618745,Oluyole,NG031025,Oluyole,,,Oyo,NG031,Nigeria,NG,2016-11-29,2019-04-17,,Oyo Central,NG03101
1.63565461038,0.13048092607,Omala,NG023019,Omala,,,Kogi,NG023,Nigeria,NG,2016-11-29,2019-04-17,,Kogi East,NG02302
0.59986121437,0.01294696829,Omumma,NG033019,Omumma,,,Rivers,NG033,Nigeria,NG,2016-11-29,2019-04-17,,Rivers East,NG03301
0.84297171190,0.02721496929,Ona-Ara,NG031026,Ona-Ara,,,Oyo,NG031,Nigeria,NG,2016-11-29,2019-04-17,,Oyo Central,NG03101
1.40614848902,0.03671105020,Ondo East,NG029015,Ondo East,,,Ondo,NG029,Nigeria,NG,2016-11-29,2019-04-17,,Ondo Central,NG02901
1.33872750791,0.07850830871,Ondo West,NG029016,Ondo West,,,Ondo,NG029,Nigeria,NG,2016-11-29,2019-04-17,,Ondo Central,NG02901
1.26714721420,0.03588217795,Onicha,NG011013,Onicha,,,Ebonyi,NG011,Nigeria,NG,2016-11-29,2019-04-17,,Ebonyi South,NG01101
0.25433700239,0.00307348861,Onitsha North,NG004017,Onitsha North,,,Anambra,NG004,Nigeria,NG,2016-11-29,2019-04-17,,Anambra North,NG00402
0.12635378380,0.00081039443,Onitsha South,NG004018,Onitsha South,,,Anambra,NG004,Nigeria,NG,2016-11-29,2019-04-17,,Anambra North,NG00402
0.65407848300,0.01335916640,Onna,NG003024,Onna,,,Akwa Ibom,NG003,Nigeria,NG,2016-11-29,2019-04-17,,Akwa Ibom South,NG00303
0.51451523517,0.00936726925,Opobo/Nkoro,NG033020,Opobo/Nkoro,,,Rivers,NG033,Nigeria,NG,2016-11-29,2019-04-17,,Rivers South East,NG03302
0.75638979911,0.02046183450,Oredo,NG012012,Oredo,,,Edo,NG012,Nigeria,NG,2016-11-29,2019-04-17,,Edo South,NG01201
1.27465554569,0.07492897882,Orelope,NG031027,Orelope,,,Oyo,NG031,Nigeria,NG,2016-11-29,2019-04-17,,Oyo North,NG03102
2.43241884203,0.19692678398,Orhionmwon,NG012013,Orhionmwon,,,Edo,NG012,Nigeria,NG,2016-11-29,2019-04-17,,Edo South,NG01201
1.93756935971,0.16694444705,Ori Ire,NG031028,Ori Ire,,,Oyo,NG031,Nigeria,NG,2016-11-29,2019-04-17,,Oyo North,NG03102
1.09454243359,0.03773435725,Oriade,NG030028,Oriade,,,Osun,NG030,Nigeria,NG,2016-11-29,2019-04-17,,Osun East,NG03002
0.50681536236,0.01001936693,Orlu,NG017020,Orlu,,,Imo,NG017,Nigeria,NG,2016-11-29,2019-04-17,,Imo West,NG01703
0.42824958576,0.00895735579,Orolu,NG030029,Orolu,,,Osun,NG030,Nigeria,NG,2016-11-29,2019-04-17,,Osun Central,NG03001
0.29506514258,0.00425037837,Oron,NG003025,Oron,,,Akwa Ibom,NG003,Nigeria,NG,2016-11-29,2019-04-17,,Akwa Ibom South,NG00303
0.35973833427,0.00612851770,Orsu,NG017021,Orsu,,,Imo,NG017,Nigeria,NG,2016-11-29,2019-04-17,,Imo West,NG01703
0.62151615447,0.01072781928,Oru East,NG017022,Oru East,,,Imo,NG017,Nigeria,NG,2016-11-29,2019-04-17,,Imo West,NG01703
0.49654736463,0.00789773124,Oru West,NG017023,Oru West,,,Imo,NG017,Nigeria,NG,2016-11-29,2019-04-17,,Imo West,NG01703
1.04344249832,0.04438365850,Oruk Anam,NG003026,Oruk Anam,,,Akwa Ibom,NG003,Nigeria,NG,2016-11-29,2019-04-17,,Akwa Ibom North West,NG00302
0.94261055916,0.02622243406,Orumba North,NG004019,Orumba North,,,Anambra,NG004,Nigeria,NG,2016-11-29,2019-04-17,,Anambra South,NG00403
0.72656675207,0.01537480298,Orumba South,NG004020,Orumba South,,,Anambra,NG004,Nigeria,NG,2016-11-29,2019-04-17,,Anambra South,NG00403
2.11528658475,0.11665374466,Ose,NG029017,Ose,,,Ondo,NG029,Nigeria,NG,2016-11-29,2019-04-17,,Ondo North,NG02902
1.02992359878,0.04169606290,Oshimili North,NG010014,Oshimili North,,,Delta,NG010,Nigeria,NG,2016-11-29,2019-04-17,,Delta North,NG01002
0.90426991341,0.02176486633,Oshimili South,NG010015,Oshimili South,,,Delta,NG010,Nigeria,NG,2016-11-29,2019-04-17,,Delta North,NG01002
0.31535232301,0.00360760300,Oshodi-Isolo,NG025018,Oshodi-Isolo,,,Lagos,NG025,Nigeria,NG,2016-11-29,2019-04-17,,Lagos West,NG02501
0.60480352481,0.01425380100,Osisioma Ngwa,NG001011,Osisioma Ngwa,,,Abia,NG001,Nigeria,NG,2016-11-29,2019-04-17,,Abia South,NG00103
0.36162021172,0.00499900546,Osogbo,NG030030,Osogbo,,,Osun,NG030,Nigeria,NG,2016-11-29,2019-04-17,,Osun Central,NG03001
1.99992578229,0.11162316375,Oturkpo,NG007019,Oturkpo,,,Benue,NG007,Nigeria,NG,2016-11-29,2019-04-17,,Benue South,NG00703
3.27152501592,0.19113515598,Ovia North East,NG012014,Ovia North East,,,Edo,NG012,Nigeria,NG,2016-11-29,2019-04-17,,Edo South,NG01201
2.66618161961,0.22659788650,Ovia South West,NG012015,Ovia South West,,,Edo,NG012,Nigeria,NG,2016-11-29,2019-04-17,,Edo South,NG01201
1.51909008519,0.10051237770,Owan East,NG012016,Owan East,,,Edo,NG012,Nigeria,NG,2016-11-29,2019-04-17,,Edo North,NG01203
1.15128345839,0.06053687253,Owan West,NG012017,Owan West,,,Edo,NG012,Nigeria,NG,2016-11-29,2019-04-17,,Edo North,NG01203
0.28891021417,0.00459391073,Owerri-Municipal,NG017026,Owerri-Municipal,,,Imo,NG017,Nigeria,NG,2016-11-29,2019-04-17,,Imo East,NG01701
0.70208577988,0.01582607745,Owerri North,NG017024,Owerri North,,,Imo,NG017,Nigeria,NG,2016-11-29,2019-04-17,,Imo East,NG01701
0.88180527488,0.02336178222,Owerri West,NG017025,Owerri West,,,Imo,NG017,Nigeria,NG,2016-11-29,2019-04-17,,Imo East,NG01701
1.49739803276,0.09318505394,Owo,NG029018,Owo,,,Ondo,NG029,Nigeria,NG,2016-11-29,2019-04-17,,Ondo North,NG02902
0.83277959615,0.04147408389,Oye,NG013016,Oye,,,Ekiti,NG013,Nigeria,NG,2016-11-29,2019-04-17,,Ekiti North,NG01303
0.46152623034,0.01103688005,Oyi,NG004021,Oyi,,,Anambra,NG004,Nigeria,NG,2016-11-29,2019-04-17,,Anambra North,NG00402
0.92194518163,0.02015966854,Oyigbo,NG033021,Oyigbo,,,Rivers,NG033,Nigeria,NG,2016-11-29,2019-04-17,,Rivers South East,NG03302
1.06547286866,0.02929515498,Oyo East,NG031029,Oyo East,,,Oyo,NG031,Nigeria,NG,2016-11-29,2019-04-17,,Oyo Central,NG03101
1.35834406149,0.04884245216,Oyo West,NG031030,Oyo West,,,Oyo,NG031,Nigeria,NG,2016-11-29,2019-04-17,,Oyo Central,NG03101
1.44718453594,0.04174781694,Oyun,NG024015,Oyun,,,Kwara,NG024,Nigeria,NG,2016-11-29,2019-04-17,,Kwara South,NG02403
2.82587558748,0.17198112719,Paikoro,NG027019,Paikoro,,,Niger,NG027,Nigeria,NG,2016-11-29,2019-04-17,,Niger East,NG02701
2.04354339833,0.11805807857,Pankshin,NG032013,Pankshin,,,Plateau,NG032,Nigeria,NG,2016-11-29,2019-04-17,,Plateau Central,NG03201
0.94675067453,0.01843803188,Patani,NG010016,Patani,,,Delta,NG010,Nigeria,NG,2016-11-29,2019-04-17,,Delta South,NG01003
2.22170052914,0.23892830079,Pategi,NG024016,Pategi,,,Kwara,NG024,Nigeria,NG,2016-11-29,2019-04-17,,Kwara North,NG02402
0.51517478354,0.00881985127,Port-Harcourt,NG033022,Port-Harcourt,,,Rivers,NG033,Nigeria,NG,2016-11-29,2019-04-17,,Rivers East,NG03301
0.90595286325,0.04776171961,Potiskum,NG036014,Potiskum,,,Yobe,NG036,Nigeria,NG,2016-11-29,2019-04-17,,Yobe South,NG03603
2.30370606362,0.20871246901,Qua'an Pan,NG032014,Quaan Pan,,,Plateau,NG032,Nigeria,NG,2016-11-29,2019-04-17,,Plateau South,NG03203
2.25330514723,0.19944811039,Rabah,NG034012,Rabah,,,Sokoto,NG034,Nigeria,NG,2016-11-29,2019-04-17,,Sokoto East,NG03401
2.97807325999,0.30377117870,Rafi,NG027020,Rafi,,,Niger,NG027,Nigeria,NG,2016-11-29,2019-04-17,,Niger East,NG02701
0.99983211636,0.04286767515,Rano,NG020032,Rano,,,Kano,NG020,Nigeria,NG,2016-11-29,2019-04-17,,Kano South,NG02001
0.59487350749,0.01710223630,Remo North,NG028019,Remo North,,,Ogun,NG028,Nigeria,NG,2016-11-29,2019-04-17,,Ogun East,NG02802
3.26058633116,0.25809312000,Rijau,NG027021,Rijau,,,Niger,NG027,Nigeria,NG,2016-11-29,2019-04-17,,Niger North,NG02702
1.24742016826,0.04038270532,Rimi,NG021030,Rimi,,,Katsina,NG021,Nigeria,NG,2016-11-29,2019-04-17,,Katsina Central,NG02101
0.85998751039,0.02214297475,Rimin Gado,NG020033,Rimin Gado,,,Kano,NG020,Nigeria,NG,2016-11-29,2019-04-17,,Kano North,NG02003
1.58530829156,0.08480141940,Ringim,NG018023,Ringim,,,Jigawa,NG018,Nigeria,NG,2016-11-29,2019-04-17,,Jigawa North-West,NG01802
1.26671760600,0.06822944279,Riyom,NG032015,Riyom,,,Plateau,NG032,Nigeria,NG,2016-11-29,2019-04-17,,Plateau North,NG03202
1.03158517520,0.06616768316,Rogo,NG020034,Rogo,,,Kano,NG020,Nigeria,NG,2016-11-29,2019-04-17,,Kano South,NG02001
1.05161128897,0.02530504893,Roni,NG018024,Roni,,,Jigawa,NG018,Nigeria,NG,2016-11-29,2019-04-17,,Jigawa North-West,NG01802
0.68108107975,0.02173492680,Sabon-Gari,NG019019,Sabon-Gari,,,Kaduna,NG019,Nigeria,NG,2016-11-29,2019-04-17,,Kaduna North,NG01902
1.86233463052,0.19847341891,Sabon Birni,NG034013,Sabon Birni,,,Sokoto,NG034,Nigeria,NG,2016-11-29,2019-04-17,,Sokoto East,NG03401
1.29788871665,0.05757423964,Sabuwa,NG021031,Sabuwa,,,Katsina,NG021,Nigeria,NG,2016-11-29,2019-04-17,,Katsina South,NG02103
1.44439240754,0.11555356148,Safana,NG021032,Safana,,,Katsina,NG021,Nigeria,NG,2016-11-29,2019-04-17,,Katsina Central,NG02101
2.32221045529,0.07737325596,Sagbama,NG006006,Sagbama,,,Bayelsa,NG006,Nigeria,NG,2016-11-29,2019-04-17,,Bayelsa West,NG00603
1.63517420682,0.12019276063,Sakaba,NG022016,Sakaba,,,Kebbi,NG022,Nigeria,NG,2016-11-29,2019-04-17,,Kebbi South,NG02203
1.60551167713,0.11236768212,Saki East,NG031031,Saki East,,,Oyo,NG031,Nigeria,NG,2016-11-29,2019-04-17,,Oyo North,NG03102
2.04748641645,0.15439525348,Saki West,NG031032,Saki West,,,Oyo,NG031,Nigeria,NG,2016-11-29,2019-04-17,,Oyo North,NG03102
0.82236339227,0.02724063954,Sandamu,NG021033,Sandamu,,,Katsina,NG021,Nigeria,NG,2016-11-29,2019-04-17,,Katsina North,NG02102
2.10169957866,0.12292989089,Sanga,NG019020,Sanga,,,Kaduna,NG019,Nigeria,NG,2016-11-29,2019-04-17,,Kaduna South,NG01903
0.94338605446,0.03503587605,Sapele,NG010017,Sapele,,,Delta,NG010,Nigeria,NG,2016-11-29,2019-04-17,,Delta Central,NG01001
3.15569478969,0.37598641583,Sardauna,NG035011,Sardauna,,,Taraba,NG035,Nigeria,NG,2016-11-29,2019-04-17,,Taraba Central,NG03501
0.97443460734,0.04903016687,Shagamu,NG028020,Shagamu,,,Ogun,NG028,Nigeria,NG,2016-11-29,2019-04-17,,Ogun East,NG02802
1.77934886670,0.10895697533,Shagari,NG034014,Shagari,,,Sokoto,NG034,Nigeria,NG,2016-11-29,2019-04-17,,Sokoto South,NG03403
2.70080094461,0.22443742024,Shanga,NG022017,Shanga,,,Kebbi,NG022,Nigeria,NG,2016-11-29,2019-04-17,,Kebbi South,NG02203
1.50863091633,0.10107747046,Shani,NG008027,Shani,,,Borno,NG008,Nigeria,NG,2016-11-29,2019-04-17,,Borno South,NG00803
1.01352769443,0.04218690535,Shanono,NG020035,Shanono,,,Kano,NG020,Nigeria,NG,2016-11-29,2019-04-17,,Kano North,NG02003
1.58868145976,0.09938751799,Shelleng,NG002017,Shelleng,,,Adamawa,NG002,Nigeria,NG,2016-11-29,2019-04-17,,Adamawa South,NG00203
2.59710959048,0.20046335833,Shendam,NG032016,Shendam,,,Plateau,NG032,Nigeria,NG,2016-11-29,2019-04-17,,Plateau South,NG03203
1.38540444395,0.06523856192,Shinkafi,NG037011,Shinkafi,,,Zamfara,NG037,Nigeria,NG,2016-11-29,2019-04-17,,Zamfara North,NG03702
1.62942701890,0.11355481015,Shira,NG005016,Shira,,,Bauchi,NG005,Nigeria,NG,2016-11-29,2019-04-17,,Bauchi North,NG00502
4.34022001483,0.43140111026,Shiroro,NG027022,Shiroro,,,Niger,NG027,Nigeria,NG,2016-11-29,2019-04-17,,Niger East,NG02701
1.47647121512,0.07148969708,Shomgom,NG016010,Shomgom,,,Gombe,NG016,Nigeria,NG,2016-11-29,2019-04-17,,Gombe South,NG01603
0.13782012677,0.00091428575,Shomolu,NG025019,Shomolu,,,Lagos,NG025,Nigeria,NG,2016-11-29,2019-04-17,,Lagos East,NG02503
1.03155109765,0.06651657650,Silame,NG034015,Silame,,,Sokoto,NG034,Nigeria,NG,2016-11-29,2019-04-17,,Sokoto North,NG03402
1.87217354438,0.18592756636,Soba,NG019021,Soba,,,Kaduna,NG019,Nigeria,NG,2016-11-29,2019-04-17,,Kaduna North,NG01902
0.26077969773,0.00333550299,Sokoto North,NG034016,Sokoto North,,,Sokoto,NG034,Nigeria,NG,2016-11-29,2019-04-17,,Sokoto North,NG03402
0.22197403667,0.00237807028,Sokoto South,NG034017,Sokoto South,,,Sokoto,NG034,Nigeria,NG,2016-11-29,2019-04-17,,Sokoto North,NG03402
2.75705667721,0.33285812436,Song,NG002018,Song,,,Adamawa,NG002,Nigeria,NG,2016-11-29,2019-04-17,,Adamawa Central,NG00201
2.57933494389,0.22065931377,Southern Ijaw,NG006007,Southern Ijaw,,,Bayelsa,NG006,Nigeria,NG,2016-11-29,2019-04-17,,Bayelsa Central,NG00601
1.52822079955,0.10256061114,Sule-Tankarkar,NG018025,Sule-Tankarkar,,,Jigawa,NG018,Nigeria,NG,2016-11-29,2019-04-17,,Jigawa North-West,NG01802
0.50146044712,0.01062606996,Suleja,NG027023,Suleja,,,Niger,NG027,Nigeria,NG,2016-11-29,2019-04-17,,Niger East,NG02701
1.48884113383,0.10347563855,Sumaila,NG020036,Sumaila,,,Kano,NG020,Nigeria,NG,2016-11-29,2019-04-17,,Kano South,NG02001
1.86297598894,0.13007707980,Suru,NG022018,Suru,,,Kebbi,NG022,Nigeria,NG,2016-11-29,2019-04-17,,Kebbi North,NG02202
0.21376485007,0.00159777246,Surulere,NG025020,Surulere,,,Lagos,NG025,Nigeria,NG,2016-11-29,2019-04-17,,Lagos Central,NG02502
1.32691998569,0.08504065450,Surulere,NG031033,Surulere,,,Oyo,NG031,Nigeria,NG,2016-11-29,2019-04-17,,Oyo Central,NG03101
0.67094265448,0.01987492929,Tafa,NG027024,Tafa,,,Niger,NG027,Nigeria,NG,2016-11-29,2019-04-17,,Niger East,NG02701
3.65184692525,0.20232117959,Tafawa-Balewa,NG005017,Tafawa-Balewa,,,Bauchi,NG005,Nigeria,NG,2016-11-29,2019-04-17,,Bauchi South,NG00503
0.50808400744,0.01308867907,Tai,NG033023,Tai,,,Rivers,NG033,Nigeria,NG,2016-11-29,2019-04-17,,Rivers South East,NG03302
1.27418103140,0.04956670287,Takai,NG020037,Takai,,,Kano,NG020,Nigeria,NG,2016-11-29,2019-04-17,,Kano South,NG02001
2.91760253247,0.19535699984,Takum,NG035012,Takum,,,Taraba,NG035,Nigeria,NG,2016-11-29,2019-04-17,,Taraba South,NG03503
1.55234562170,0.12183576654,Talata Mafara,NG037012,Talata Mafara,,,Zamfara,NG037,Nigeria,NG,2016-11-29,2019-04-17,,Zamfara North,NG03702
2.44070622974,0.15286502364,Tambuwal,NG034018,Tambuwal,,,Sokoto,NG034,Nigeria,NG,2016-11-29,2019-04-17,,Sokoto South,NG03403
1.92343498682,0.19829091162,Tangaza,NG034019,Tangaza,,,Sokoto,NG034,Nigeria,NG,2016-11-29,2019-04-17,,Sokoto North,NG03402
0.22219214914,0.00221544363,Tarauni,NG020038,Tarauni,,,Kano,NG020,Nigeria,NG,2016-11-29,2019-04-17,,Kano Central,NG02002
0.83429098689,0.03912673376,Tarka,NG007020,Tarka,,,Benue,NG007,Nigeria,NG,2016-11-29,2019-04-17,,Benue North West,NG00702
2.90318584160,0.37597363462,Tarmua,NG036015,Tarmua,,,Yobe,NG036,Nigeria,NG,2016-11-29,2019-04-17,,Yobe East,NG03601
1.23874793077,0.05448723716,Taura,NG018026,Taura,,,Jigawa,NG018,Nigeria,NG,2016-11-29,2019-04-17,,Jigawa North-West,NG01802
0.60972696960,0.01582765150,Tofa,NG020039,Tofa,,,Kano,NG020,Nigeria,NG,2016-11-29,2019-04-17,,Kano North,NG02003
3.70858928293,0.56787104253,Toro,NG005018,Toro,,,Bauchi,NG005,Nigeria,NG,2016-11-29,2019-04-17,,Bauchi South,NG00503
2.43878760733,0.24482830499,Toto,NG026012,Toto,,,Nasarawa,NG026,Nigeria,NG,2016-11-29,2019-04-17,,Nassarawa West,NG02603
3.36082157198,0.45743722074,Toungo,NG002019,Toungo,,,Adamawa,NG002,Nigeria,NG,2016-11-29,2019-04-17,,Adamawa South,NG00203
1.95026895686,0.15019064914,Tsafe,NG037013,Tsafe,,,Zamfara,NG037,Nigeria,NG,2016-11-29,2019-04-17,,Zamfara Central,NG03701
0.94959211158,0.04451758778,Tsanyawa,NG020040,Tsanyawa,,,Kano,NG020,Nigeria,NG,2016-11-29,2019-04-17,,Kano North,NG02003
2.09148127190,0.10157352007,Tudun Wada,NG020041,Tudun Wada,,,Kano,NG020,Nigeria,NG,2016-11-29,2019-04-17,,Kano South,NG02001
1.80245728194,0.19119915341,Tureta,NG034020,Tureta,,,Sokoto,NG034,Nigeria,NG,2016-11-29,2019-04-17,,Sokoto South,NG03403
0.73431386007,0.02102049054,Udenu,NG014015,Udenu,,,Enugu,NG014,Nigeria,NG,2016-11-29,2019-04-17,,Enugu North,NG01401
1.57096206784,0.07282774642,Udi,NG014016,Udi,,,Enugu,NG014,Nigeria,NG,2016-11-29,2019-04-17,,Enugu West,NG01403
0.62583075084,0.01353123225,Udu,NG010018,Udu,,,Delta,NG010,Nigeria,NG,2016-11-29,2019-04-17,,Delta Central,NG01001
0.34000251642,0.00478349767,Udung Uko,NG003027,Udung Uko,,,Akwa Ibom,NG003,Nigeria,NG,2016-11-29,2019-04-17,,Akwa Ibom South,NG00303
2.00207013589,0.06781435807,Ughelli North,NG010019,Ughelli North,,,Delta,NG010,Nigeria,NG,2016-11-29,2019-04-17,,Delta Central,NG01001
2.20150233055,0.06281904255,Ughelli South,NG010020,Ughelli South,,,Delta,NG010,Nigeria,NG,2016-11-29,2019-04-17,,Delta Central,NG01001
0.49428998954,0.01027434026,Ugwunagbo,NG001012,Ugwunagbo,,,Abia,NG001,Nigeria,NG,2016-11-29,2019-04-17,,Abia South,NG00103
1.71313687914,0.16279111149,Uhunmwonde,NG012018,Uhunmwonde,,,Edo,NG012,Nigeria,NG,2016-11-29,2019-04-17,,Edo South,NG01201
0.56835076226,0.01779701350,Ukanafun,NG003028,Ukanafun,,,Akwa Ibom,NG003,Nigeria,NG,2016-11-29,2019-04-17,,Akwa Ibom North West,NG00302
1.62604504893,0.14616697849,Ukum,NG007021,Ukum,,,Benue,NG007,Nigeria,NG,2016-11-29,2019-04-17,,Benue North East,NG00701
0.85562375198,0.02306330249,Ukwa East,NG001013,Ukwa East,,,Abia,NG001,Nigeria,NG,2016-11-29,2019-04-17,,Abia South,NG00103
0.77976441523,0.02261420141,Ukwa West,NG001014,Ukwa West,,,Abia,NG001,Nigeria,NG,2016-11-29,2019-04-17,,Abia South,NG00103
0.80069578140,0.03337403759,Ukwuani,NG010021,Ukwuani,,,Delta,NG010,Nigeria,NG,2016-11-29,2019-04-17,,Delta North,NG01002
0.81512142137,0.03006151619,Umu-Nneochi,NG001017,Umu-Nneochi,,,Abia,NG001,Nigeria,NG,2016-11-29,2019-04-17,,Abia North,NG00102
0.79026438256,0.01856751439,Umuahia North,NG001015,Umuahia North,,,Abia,NG001,Nigeria,NG,2016-11-29,2019-04-17,,Abia Central,NG00101
0.49130085627,0.01103816753,Umuahia South,NG001016,Umuahia South,,,Abia,NG001,Nigeria,NG,2016-11-29,2019-04-17,,Abia Central,NG00101
0.89145468619,0.01850218755,Ungogo,NG020042,Ungogo,,,Kano,NG020,Nigeria,NG,2016-11-29,2019-04-17,,Kano Central,NG02002
0.41632035741,0.00878996154,Unuimo,NG017027,Unuimo,,,Imo,NG017,Nigeria,NG,2016-11-29,2019-04-17,,Imo North,NG01702
0.85955786992,0.02827063568,Uruan,NG003029,Uruan,,,Akwa Ibom,NG003,Nigeria,NG,2016-11-29,2019-04-17,,Akwa Ibom North East,NG00301
0.51902576852,0.00943816245,Urue-Offong/Oruko,NG003030,Urue-Offong/Oruko,,,Akwa Ibom,NG003,Nigeria,NG,2016-11-29,2019-04-17,,Akwa Ibom South,NG00303
1.86697701679,0.11294674550,Ushongo,NG007022,Ushongo,,,Benue,NG007,Nigeria,NG,2016-11-29,2019-04-17,,Benue North East,NG00701
1.74231207549,0.12236428824,Ussa,NG035013,Ussa,,,Taraba,NG035,Nigeria,NG,2016-11-29,2019-04-17,,Taraba South,NG03503
0.49860404446,0.00917674027,Uvwie,NG010022,Uvwie,,,Delta,NG010,Nigeria,NG,2016-11-29,2019-04-17,,Delta Central,NG01001
0.96898098246,0.01497429404,Uyo,NG003031,Uyo,,,Akwa Ibom,NG003,Nigeria,NG,2016-11-29,2019-04-17,,Akwa Ibom North East,NG00301
1.63215927913,0.06884661899,Uzo-Uwani,NG014017,Uzo-Uwani,,,Enugu,NG014,Nigeria,NG,2016-11-29,2019-04-17,,Enugu North,NG01401
1.34155613723,0.07999777952,Vandeikya,NG007023,Vandeikya,,,Benue,NG007,Nigeria,NG,2016-11-29,2019-04-17,,Benue North East,NG00701
1.25312435524,0.05528811936,Wamako,NG034021,Wamako,,,Sokoto,NG034,Nigeria,NG,2016-11-29,2019-04-17,,Sokoto North,NG03402
1.46236906016,0.09952730564,Wamba,NG026013,Wamba,,,Nasarawa,NG026,Nigeria,NG,2016-11-29,2019-04-17,,Nassarawa North,NG02602
0.80031385917,0.03018979050,Warawa,NG020043,Warawa,,,Kano,NG020,Nigeria,NG,2016-11-29,2019-04-17,,Kano Central,NG02002
0.92037289350,0.05452664294,Warji,NG005019,Warji,,,Bauchi,NG005,Nigeria,NG,2016-11-29,2019-04-17,,Bauchi Central,NG00501
2.38700361599,0.14991137682,Warri North,NG010023,Warri North,,,Delta,NG010,Nigeria,NG,2016-11-29,2019-04-17,,Delta South,NG01003
1.40412007892,0.04780948050,Warri South,NG010024,Warri South,,,Delta,NG010,Nigeria,NG,2016-11-29,2019-04-17,,Delta South,NG01003
2.14885605865,0.13833964343,Warri South West,NG010025,Warri South West,,,Delta,NG010,Nigeria,NG,2016-11-29,2019-04-17,,Delta South,NG01003
3.67794217463,0.33923461365,Wasagu/Danko,NG022019,Wasagu/Danko,,,Kebbi,NG022,Nigeria,NG,2016-11-29,2019-04-17,,Kebbi South,NG02203
2.92231480486,0.40952298188,Wase,NG032017,Wase,,,Plateau,NG032,Nigeria,NG,2016-11-29,2019-04-17,,Plateau South,NG03203
1.06850464098,0.03002242935,Wudil,NG020044,Wudil,,,Kano,NG020,Nigeria,NG,2016-11-29,2019-04-17,,Kano South,NG02001
3.08621207744,0.32282483242,Wukari,NG035014,Wukari,,,Taraba,NG035,Nigeria,NG,2016-11-29,2019-04-17,,Taraba South,NG03503
1.36308478045,0.05674495515,Wurno,NG034022,Wurno,,,Sokoto,NG034,Nigeria,NG,2016-11-29,2019-04-17,,Sokoto East,NG03401
2.31180106593,0.14918750544,Wushishi,NG027025,Wushishi,,,Niger,NG027,Nigeria,NG,2016-11-29,2019-04-17,,Niger North,NG02702
1.08540012840,0.06397044703,Yabo,NG034023,Yabo,,,Sokoto,NG034,Nigeria,NG,2016-11-29,2019-04-17,,Sokoto South,NG03403
2.09732539812,0.12084048908,Yagba East,NG023020,Yagba East,,,Kogi,NG023,Nigeria,NG,2016-11-29,2019-04-17,,Kogi West,NG02303
1.59407633078,0.10548495675,Yagba West,NG023021,Yagba West,,,Kogi,NG023,Nigeria,NG,2016-11-29,2019-04-17,,Kogi West,NG02303
0.97379977806,0.05381105024,Yakurr,NG009018,Yakurr,,,Cross River,NG009,Nigeria,NG,2016-11-29,2019-04-17,,Cross River Central,NG00901
2.37319998812,0.14587933842,Yala,NG009019,Yala,,,Cross River,NG009,Nigeria,NG,2016-11-29,2019-04-17,,Cross River North,NG00902
2.33355684395,0.16182106760,Yamaltu/Deba,NG016011,Yamaltu/Deba,,,Gombe,NG016,Nigeria,NG,2016-11-29,2019-04-17,,Gombe Central,NG01601
0.91993102249,0.02814158858,Yankwashi,NG018027,Yankwashi,,,Jigawa,NG018,Nigeria,NG,2016-11-29,2019-04-17,,Jigawa North-West,NG01802
0.70408747447,0.01015129887,Yauri,NG022020,Yauri,,,Kebbi,NG022,Nigeria,NG,2016-11-29,2019-04-17,,Kebbi South,NG02203
1.38004703760,0.05563720934,Yenegoa,NG006008,Yenegoa,,,Bayelsa,NG006,Nigeria,NG,2016-11-29,2019-04-17,,Bayelsa Central,NG00601
0.27434290083,0.00522788647,Yola North,NG002020,Yola North,,,Adamawa,NG002,Nigeria,NG,2016-11-29,2019-04-17,,Adamawa Central,NG00201
1.65703758853,0.07661156927,Yola South,NG002021,Yola South,,,Adamawa,NG002,Nigeria,NG,2016-11-29,2019-04-17,,Adamawa Central,NG00201
1.82807537329,0.10461280688,Yorro,NG035015,Yorro,,,Taraba,NG035,Nigeria,NG,2016-11-29,2019-04-17,,Taraba North,NG03502
3.11199746879,0.31802192039,Yunusari,NG036016,Yunusari,,,Yobe,NG036,Nigeria,NG,2016-11-29,2019-04-17,,Yobe East,NG03601
3.34155383441,0.32222961588,Yusufari,NG036017,Yusufari,,,Yobe,NG036,Nigeria,NG,2016-11-29,2019-04-17,,Yobe North,NG03602
2.55831979749,0.15810423428,Zaki,NG005020,Zaki,,,Bauchi,NG005,Nigeria,NG,2016-11-29,2019-04-17,,Bauchi North,NG00502
1.00330233482,0.04327195715,Zango,NG021034,Zango,,,Katsina,NG021,Nigeria,NG,2016-11-29,2019-04-17,,Katsina North,NG02102
1.97333942583,0.19229995895,Zango-Kataf,NG019022,Zango-Kataf,,,Kaduna,NG019,Nigeria,NG,2016-11-29,2019-04-17,,Kaduna South,NG01903
1.06411209468,0.03258624736,Zaria,NG019023,Zaria,,,Kaduna,NG019,Nigeria,NG,2016-11-29,2019-04-17,,Kaduna North,NG01902
1.18619500143,0.08446358409,Zing,NG035016,Zing,,,Taraba,NG035,Nigeria,NG,2016-11-29,2019-04-17,,Taraba North,NG03502
2.61193403579,0.22353756790,Zurmi,NG037014,Zurmi,,,Zamfara,NG037,Nigeria,NG,2016-11-29,2019-04-17,,Zamfara North,NG03702
1.58045907975,0.05777613113,Zuru,NG022021,Zuru,,,Kebbi,NG022,Nigeria,NG,2016-11-29,2019-04-17,,Kebbi South,NG02203
